image_id,class_id,x_center,y_center,width,height,confidence
000003_jpg.rf.8511b9c219dbf9799a6d58900b15917d.jpg,7,0.5034213662147522,0.4830748736858368,0.45732852816581726,0.6178122758865356,0.9597458839416504
000006_jpg.rf.89610ec419ccfab22f8314026b90ee26.jpg,7,0.3768083155155182,0.16317246854305267,0.27878206968307495,0.32634493708610535,0.9519920349121094
00000_00000_00003_png.rf.d18afc3c9625ffb1974029d3e3762aee.jpg,6,0.5183771848678589,0.5063369274139404,0.5573952198028564,0.5581950545310974,0.9503031373023987
00000_00000_00005_png.rf.ab60a274676963d378f5014e89d9e2b1.jpg,6,0.5320083498954773,0.5297796130180359,0.6075251698493958,0.6135997772216797,0.9155068397521973
00000_00000_00006_png.rf.9d1ea68507aff6973a1dbcdc6f4422a8.jpg,6,0.5337350964546204,0.5509918332099915,0.5975061655044556,0.5871628522872925,0.938347578048706
00000_00000_00008_png.rf.ff305dcd6e9ceb9188937311a4a1b207.jpg,6,0.5156151056289673,0.5054755210876465,0.6506223678588867,0.6418275833129883,0.9452860951423645
00000_00000_00013_png.rf.9076cbfc7f7811fa22547539a7e7ac02.jpg,6,0.539566159248352,0.5016477704048157,0.6938126087188721,0.7093828916549683,0.9578098654747009
00000_00000_00017_png.rf.6c2381a6a103a041f23159fbd44868ed.jpg,6,0.5366237163543701,0.527679979801178,0.7443210482597351,0.727825939655304,0.9613857865333557
00000_00000_00021_png.rf.0803f8eb5b4566c44100cfef9d0bfa8e.jpg,6,0.5343835949897766,0.5366728901863098,0.7778046131134033,0.7840232849121094,0.9612566232681274
00000_00000_00024_png.rf.8b21eb79678eed47df52a9ab4319bc08.jpg,6,0.5134000182151794,0.5087267756462097,0.8170027136802673,0.8101576566696167,0.982529878616333
00000_00001_00008_png.rf.936b0185c3b9131c96d42d60a5da1abb.jpg,6,0.5312430262565613,0.5343783497810364,0.6026923060417175,0.6105219125747681,0.9444813132286072
00000_00001_00013_png.rf.c2367f9d1b377597b2cc3706b70fa818.jpg,6,0.5158448815345764,0.5298779606819153,0.6445801258087158,0.6514036655426025,0.9630169868469238
00000_00001_00016_png.rf.2818a0160369aa9d2465007de479d6d3.jpg,6,0.5122135281562805,0.5105489492416382,0.6681109666824341,0.6513620018959045,0.9749632477760315
00000_00001_00020_png.rf.4fc3ed0f124f480c5152a541fff2dbf7.jpg,6,0.5307362079620361,0.5034362077713013,0.6947938799858093,0.7067152261734009,0.9549744129180908
00000_00001_00020_png.rf.af293e6651965d897c75935cf2084f7d.jpg,6,0.5307362079620361,0.5034362077713013,0.6947938799858093,0.7067152261734009,0.9549744129180908
00000_00001_00021_png.rf.beb4a4004ddd09e998abac6f77de0322.jpg,6,0.5292614698410034,0.5101006627082825,0.7085697650909424,0.7310771942138672,0.9671651124954224
00000_00002_00012_png.rf.d345a307460a0fa32e159261cffa0e88.jpg,6,0.5155686140060425,0.5145911574363708,0.6146661639213562,0.6112203001976013,0.9684790372848511
00000_00002_00015_png.rf.9c6647dad127ad8ea26b08ef5e31f15f.jpg,6,0.534856379032135,0.5226719379425049,0.67145174741745,0.6787849068641663,0.9578840136528015
00000_00002_00026_png.rf.092c69361ef48fd43b479aa48fc829d9.jpg,6,0.5041340589523315,0.5039988160133362,0.7964197397232056,0.778910219669342,0.959604024887085
00000_00003_00003_png.rf.cb1242e3f504fdf75084201d1d568a93.jpg,6,0.5415338277816772,0.5636954307556152,0.5729250311851501,0.5528724789619446,0.9449843168258667
00000_00003_00005_png.rf.91e4d86cd4241911356889c94ae3f5ee.jpg,6,0.5370497107505798,0.5341899991035461,0.5666953921318054,0.5742046236991882,0.9253469705581665
00000_00003_00011_png.rf.7d5f2a85458f70654be03f2a2cd47c06.jpg,6,0.5374088287353516,0.5187364220619202,0.616317629814148,0.6188843250274658,0.9327875375747681
00000_00003_00015_png.rf.a18e8c7a509b0f5f98fe6221bac9aee4.jpg,6,0.5298199653625488,0.5361849665641785,0.680133581161499,0.6967998147010803,0.9599743485450745
00000_00003_00017_png.rf.cb107aac6c3f74cfb122de76625c4abc.jpg,6,0.5024842619895935,0.5169294476509094,0.7178453803062439,0.6917344331741333,0.9632282257080078
00000_00003_00019_png.rf.d5f22619ed92e72b6d2ed7150b2db7c3.jpg,6,0.5215684175491333,0.514674723148346,0.7181332111358643,0.719512939453125,0.9614343643188477
00000_00004_00027_png.rf.339c3f63582ed2785e9d0740821e561e.jpg,6,0.5212003588676453,0.5225690007209778,0.8094047904014587,0.8064944744110107,0.9826869368553162
00000_00005_00000_png.rf.4b0a9b1409c4ee2cc880aa6e173d5e0e.jpg,6,0.527517557144165,0.5174883604049683,0.5487578511238098,0.5411254167556763,0.9437157511711121
00000_00005_00003_png.rf.df858754a637fecb106924e9bc47a832.jpg,6,0.561117947101593,0.5325414538383484,0.542596161365509,0.5707821846008301,0.9464781284332275
00000_00005_00009_png.rf.318081408daa3bd6bd66422e94bd3dca.jpg,6,0.5372881889343262,0.519595742225647,0.6049166917800903,0.6157327890396118,0.9349883794784546
00000_00005_00016_png.rf.80996367c51768326648d4c53f8a1e63.jpg,6,0.5217255353927612,0.4918802082538605,0.6518783569335938,0.6963239908218384,0.9716507792472839
00000_00005_00025_png.rf.f6c63209955abab1fc2ea39248553192.jpg,6,0.5249119400978088,0.5078245401382446,0.774131715297699,0.811195969581604,0.9526224136352539
00000_00005_00027_png.rf.397ea37e7f1f7c3029ef77da37b4d73a.jpg,6,0.5057501792907715,0.5034319162368774,0.8095142245292664,0.8071113228797913,0.9581555724143982
00000_00006_00000_png.rf.89204de3eb332a0f1dfbdbfeed2c4f19.jpg,6,0.48605862259864807,0.5504075288772583,0.4382045567035675,0.5789193511009216,0.9691346883773804
00000_00006_00004_png.rf.f3eaa594302a3387574994936ac8af80.jpg,6,0.4939576983451843,0.5115275979042053,0.5691089630126953,0.6018151640892029,0.9378657341003418
00000_00006_00009_png.rf.69ada07a494f34af78f9cbb977bb1fe7.jpg,6,0.5180009007453918,0.5292991399765015,0.6775485873222351,0.6466143131256104,0.972018837928772
00000_00006_00009_png.rf.abb45158e58a911f6eb8f4784f718205.jpg,6,0.5180009007453918,0.5292991399765015,0.6775485873222351,0.6466143131256104,0.972018837928772
00000_00006_00014_png.rf.c18a9a99443ea933a462c18e7d9cc035.jpg,6,0.5111487507820129,0.4937702417373657,0.698183536529541,0.6964048743247986,0.9675464034080505
00000_00006_00021_png.rf.ceba1690308218617be309fd8dd38971.jpg,6,0.5245890021324158,0.5159103274345398,0.7627831697463989,0.7202041149139404,0.9519643783569336
00000_00006_00022_png.rf.8a9524bcedd0aa85d431b5314bdaf179.jpg,6,0.5092715620994568,0.5109780430793762,0.7452517747879028,0.7357367277145386,0.9612695574760437
00000_00006_00022_png.rf.ac6d1330d86c61ae4067afdd3a258ab3.jpg,6,0.5092715620994568,0.5109780430793762,0.7452517747879028,0.7357367277145386,0.9612695574760437
000012_jpg.rf.a2e9009c1ca91c2272045589701123f0.jpg,7,0.4809439778327942,0.35103288292884827,0.8010814785957336,0.35193634033203125,0.5838881134986877
000012_jpg.rf.a2e9009c1ca91c2272045589701123f0.jpg,9,0.48798713088035583,0.32778745889663696,0.8055877089500427,0.36463701725006104,0.30993062257766724
000015_jpg.rf.1c60d15418d0291507def26c241ed27e.jpg,7,0.2536606192588806,0.36925601959228516,0.40246161818504333,0.46435415744781494,0.9572360515594482
00001_00006_00004_png.rf.d10a2232f001894c293a3899de728cad.jpg,7,0.5272036790847778,0.5304495692253113,0.7304813861846924,0.7524404525756836,0.944451630115509
00001_00006_00026_png.rf.49d271a1ad59fd8fc3022b9d27fd55e2.jpg,7,0.5074084401130676,0.5044528245925903,0.7761681079864502,0.8103834390640259,0.9483465552330017
00001_00010_00003_png.rf.7aafa0add84d32dae0f70c72f29be839.jpg,7,0.5288517475128174,0.5666469931602478,0.5260080099105835,0.522934079170227,0.9468768239021301
00001_00010_00010_png.rf.0c717d1fcb47c63dc21133891c67058d.jpg,7,0.5479223132133484,0.5387980341911316,0.5809105038642883,0.6072492003440857,0.9617254734039307
00001_00011_00006_png.rf.b3c9ed7b58e8b06312406f5fb6ecb9cd.jpg,7,0.5137417912483215,0.5259737372398376,0.6425759196281433,0.6138774752616882,0.9293601512908936
00001_00014_00020_png.rf.dae49e781829147dd4dfd5b4812d0068.jpg,7,0.5110066533088684,0.5184643864631653,0.7895911335945129,0.8104977607727051,0.9590851068496704
00001_00019_00006_png.rf.ba8186909430430fb44e7eea3282a96b.jpg,7,0.5395861864089966,0.5094276070594788,0.5806158781051636,0.599503755569458,0.9726167917251587
00001_00020_00001_png.rf.558285df18ab5e029ed28ae9b0442173.jpg,7,0.48208171129226685,0.5303879976272583,0.6197099089622498,0.7494364976882935,0.965282142162323
00001_00020_00009_png.rf.70d380dd904a8b782ac06daf41622bc8.jpg,7,0.4893033802509308,0.5089303851127625,0.6890967488288879,0.7722573280334473,0.95113205909729
00001_00021_00006_png.rf.c24e2e36491660b540a9b81687c16bc3.jpg,9,0.5325098037719727,0.5428144931793213,0.5759546160697937,0.5959047675132751,0.5353977084159851
00001_00021_00007_png.rf.7054b7fcb56980bcabcf57e0f1cb9182.jpg,7,0.5390668511390686,0.5060782432556152,0.5780494809150696,0.6162192225456238,0.8461765646934509
00001_00022_00001_png.rf.f68bab926df5c93b7a8baf9d168955d1.jpg,7,0.523697018623352,0.5205613374710083,0.6103188395500183,0.5466511249542236,0.956336498260498
00001_00023_00007_png.rf.f20610daefe32091399ce0ee1b9799f6.jpg,7,0.5732228755950928,0.5683749318122864,0.539983868598938,0.586344838142395,0.9538774490356445
00001_00025_00025_png.rf.9556a94e4da441bd05e548d86099c3c0.jpg,7,0.5126296877861023,0.5110694766044617,0.7547536492347717,0.7832110524177551,0.9472298622131348
00001_00028_00017_png.rf.ff6c0bf1f57a58c63e706c5a59b9b55e.jpg,7,0.5220606923103333,0.47747665643692017,0.6784424781799316,0.7801616787910461,0.9775025248527527
00001_00029_00011_png.rf.8778f18a5af227481b72a0bd897cb144.jpg,7,0.5372538566589355,0.532482922077179,0.6537575721740723,0.6598207354545593,0.9692107439041138
00001_00030_00008_png.rf.f42a5ab100ba2300ff2ef3273198a629.jpg,7,0.5322347283363342,0.529778242111206,0.545667827129364,0.6729135513305664,0.9722186923027039
00001_00031_00011_png.rf.d92d0588e5bfd7f8ced37d558e0efd54.jpg,7,0.5397287607192993,0.4991662800312042,0.5642324686050415,0.59967041015625,0.9628335237503052
00001_00032_00012_png.rf.e30cf3974f41a7316dff0477b7c4c589.jpg,7,0.5035914182662964,0.5385605096817017,0.6647022366523743,0.6742421984672546,0.948989748954773
00001_00033_00010_png.rf.4b1b4602c3c04f4aa72ce1f952cce126.jpg,7,0.5197089314460754,0.5117483735084534,0.6094905138015747,0.599131166934967,0.9532520771026611
00001_00033_00013_png.rf.7df949e59990e9dabfbc631176beada9.jpg,7,0.5584208369255066,0.5653058290481567,0.6248432993888855,0.6445339918136597,0.9372115135192871
00001_00035_00012_png.rf.ef688824fa8eae681376cbaa7708a2dd.jpg,7,0.5296468138694763,0.5391737818717957,0.626903235912323,0.5971100330352783,0.9613196849822998
00001_00038_00012_png.rf.769276765c04567a8afdd2300298c7cb.jpg,7,0.49486425518989563,0.48566845059394836,0.5732640624046326,0.5710813999176025,0.9566364288330078
00001_00038_00013_png.rf.9bea2c6ade7591cafa7a3ee2d6447b63.jpg,7,0.5130652189254761,0.4907626509666443,0.5911946296691895,0.5933783650398254,0.9615541696548462
00001_00042_00000_png.rf.ac8cef49708d26776dd018e63c08ee29.jpg,7,0.5164172053337097,0.528057336807251,0.5502191781997681,0.5887077450752258,0.9362329840660095
00001_00059_00004_png.rf.74b0bb0dc2200bf50c665e4b2017a9cf.jpg,7,0.5394538044929504,0.5107328295707703,0.6291942000389099,0.6367971897125244,0.9730889797210693
00001_00060_00007_png.rf.1bf10fd8b24b215fba58ab5975968559.jpg,7,0.5069392323493958,0.5384365320205688,0.6805119514465332,0.6775534749031067,0.9564623236656189
00001_00063_00003_png.rf.e87ae69015487ca78a229870bc3ed27f.jpg,7,0.5765709280967712,0.5692804455757141,0.5767515897750854,0.6242462992668152,0.7435875535011292
00001_00064_00019_png.rf.135e30aa3fe9209e095eb3ff5e304ebb.jpg,7,0.5329168438911438,0.49466443061828613,0.6926112771034241,0.726931095123291,0.9668754935264587
00001_00065_00006_png.rf.161dc86f1aaaf56ceadeedb9920c11ec.jpg,7,0.5653591156005859,0.5026147961616516,0.6148687601089478,0.5999235510826111,0.9562367796897888
00001_00066_00015_png.rf.e1adfeb91011dcf5d548147d1acc30eb.jpg,7,0.4895821213722229,0.5152451395988464,0.7334999442100525,0.7474181652069092,0.9425296187400818
00001_00068_00007_png.rf.4bb41a90249c981be7a87239ef7d4288.jpg,7,0.48478034138679504,0.5202460885047913,0.5775012969970703,0.5663280487060547,0.947878360748291
00002_00000_00005_png.rf.6a3d73b59a12500d97c5ad071900f3e8.jpg,9,0.5227403044700623,0.5116111040115356,0.6298046112060547,0.7366267442703247,0.9507646560668945
00002_00000_00008_png.rf.fef84220cd4e8886da3b88267904e21d.jpg,9,0.5352296233177185,0.5154058337211609,0.6589644551277161,0.7599299550056458,0.9531473517417908
00002_00000_00016_png.rf.5c98b3aeaa1ebc1ebc1afb2b2e8d9750.jpg,9,0.5013738870620728,0.5178932547569275,0.6954116821289062,0.783913791179657,0.9517219662666321
00002_00004_00025_png.rf.088e01a14aec1e026c95b0b5ab8b08ec.jpg,9,0.5185660719871521,0.5240581035614014,0.79923415184021,0.7754429578781128,0.9522740840911865
00002_00006_00028_png.rf.70f98b1fc1d0c548e37ffe7968c81a40.jpg,9,0.5010629296302795,0.5199443101882935,0.723275899887085,0.7789881229400635,0.9576117396354675
00002_00007_00012_png.rf.cda4cec2b68cd6819ec43a7799d667a5.jpg,9,0.533310055732727,0.5185221433639526,0.6220373511314392,0.6604406833648682,0.8974630832672119
00002_00010_00029_png.rf.526a5527eafd2cdc74e872afe9fb8276.jpg,9,0.4928981065750122,0.5141264200210571,0.7645844221115112,0.8095163702964783,0.9649426341056824
00002_00011_00028_png.rf.4b4e80fab739c206b44c9d195a2f08e0.jpg,9,0.5012152194976807,0.4950472116470337,0.6890444159507751,0.7833011746406555,0.9453717470169067
00002_00015_00017_png.rf.81a2cb9a7cc2d150109c3af756943d8e.jpg,9,0.49994921684265137,0.5226021409034729,0.7252861261367798,0.7311747074127197,0.9397541284561157
00002_00016_00002_png.rf.c2bf6b0c65f3f2b845d281aef33328e0.jpg,9,0.5246325731277466,0.5339722037315369,0.6006602048873901,0.6332876682281494,0.9577797055244446
00002_00017_00020_png.rf.1a27fc5910f7ff6cd9e5ecad10609fe4.jpg,9,0.5111004710197449,0.5127764940261841,0.7038964629173279,0.7207963466644287,0.9555149078369141
00002_00017_00026_png.rf.0e0c876d62e868e7b8bbea45c2854b90.jpg,9,0.4962819218635559,0.516076385974884,0.7605593800544739,0.7926597595214844,0.9575152397155762
00002_00028_00013_png.rf.4c1b88702f75ba47a05c979c6a1a24af.jpg,9,0.5240802764892578,0.5154272317886353,0.6453141570091248,0.6331477761268616,0.9552989602088928
00002_00029_00020_png.rf.92b3fdd9df0a753fcf7dd9e098f54ca5.jpg,9,0.4925515055656433,0.5163902044296265,0.7287811636924744,0.735643208026886,0.9434689879417419
00002_00032_00021_png.rf.45636f29d1c772fb421d516a9741145a.jpg,9,0.4930800795555115,0.5395946502685547,0.6430222392082214,0.6720690131187439,0.9423773884773254
00002_00057_00023_png.rf.c8c4e00edf84e93fdca59e89ca4480e8.jpg,9,0.5109323263168335,0.5183709263801575,0.7768930792808533,0.7693845629692078,0.961979329586029
00002_00063_00008_png.rf.42b7f6b82f752ce45b8a4128928bea6b.jpg,9,0.5300599336624146,0.5375049710273743,0.5986685752868652,0.5653587579727173,0.9325643181800842
00002_00065_00004_png.rf.dd58840a036850f03da5f6bbdd1940d2.jpg,9,0.5307508707046509,0.5473692417144775,0.6674132943153381,0.7258000373840332,0.9609171748161316
00002_00065_00005_png.rf.f156b51c34d4fe59f4f1981ecab62ed0.jpg,9,0.5158438682556152,0.5258060097694397,0.6672269105911255,0.7083500027656555,0.9426344037055969
00003_00000_00008_png.rf.976bc2ecdc3e69167320fc22712ec43d.jpg,10,0.5178212523460388,0.49164894223213196,0.586355984210968,0.5988984704017639,0.9678820967674255
00003_00002_00016_png.rf.f31757e4e66bdf3dd7c10888f14ba7c6.jpg,10,0.5461878776550293,0.5048421621322632,0.6428176164627075,0.6915367245674133,0.9659448266029358
00003_00002_00023_png.rf.4d47dbf061aedff7277a91be6a5bbc6b.jpg,10,0.5380532741546631,0.5336982607841492,0.7529924511909485,0.7418299913406372,0.9565006494522095
00003_00010_00012_png.rf.992b5dc958856171d8218c027b672b12.jpg,10,0.49089524149894714,0.4994511306285858,0.6022118330001831,0.5993632078170776,0.9551453590393066
00003_00014_00015_png.rf.4a4854b32d96279361db09f8b4d4bbcf.jpg,10,0.5494645833969116,0.537392795085907,0.6094712615013123,0.6347540616989136,0.9512082934379578
00003_00019_00004_png.rf.0e5e854d48614cdc5bef09b4b3085a03.jpg,10,0.5065264701843262,0.5050790905952454,0.5977727770805359,0.566892147064209,0.7829209566116333
00003_00026_00011_png.rf.33d98e9ee599a39d6f2b819682707a5a.jpg,10,0.532990038394928,0.5417214632034302,0.5639917254447937,0.5903148055076599,0.9637351632118225
00003_00026_00022_png.rf.f67190b7724f3871c19569e098d5cc02.jpg,10,0.5326499938964844,0.51144939661026,0.6621586084365845,0.6985532641410828,0.9630592465400696
00003_00027_00025_png.rf.4c1fd45a0b5f0f724237f83b7d47c499.jpg,10,0.5374627709388733,0.5092376470565796,0.7538694739341736,0.766480565071106,0.9626160860061646
00003_00034_00015_png.rf.16921ba926f31008a26ba58d2337527f.jpg,10,0.5060626268386841,0.5130515694618225,0.6592752933502197,0.6571372151374817,0.9626572728157043
00003_00035_00028_png.rf.ee8da916ee92d6dc7e62eedaf09a79e4.jpg,10,0.5081833004951477,0.4959006905555725,0.7586922645568848,0.7695397734642029,0.9577367901802063
00003_00036_00017_png.rf.8ac2d0085877d733785436132fdc938e.jpg,10,0.5173342823982239,0.506252110004425,0.6726950407028198,0.6487398147583008,0.9675960540771484
00003_00036_00028_png.rf.b1c4322c721873c9caa6ed9fd25eeb07.jpg,10,0.5131963491439819,0.49863702058792114,0.784919023513794,0.7850375175476074,0.9666486382484436
00003_00036_00028_png.rf.b3b837a4ff3803383e94a13fe8fc748b.jpg,10,0.5131963491439819,0.49863702058792114,0.784919023513794,0.7850375175476074,0.9666486382484436
00003_00038_00015_png.rf.68af73eb3c3267953582146c619d7c25.jpg,10,0.5400364398956299,0.5055031776428223,0.6455773711204529,0.6627625823020935,0.9591570496559143
00003_00038_00026_png.rf.a69d0576816db3c4d315d0dce5b99721.jpg,10,0.5214496850967407,0.5129647850990295,0.7962900400161743,0.8048399686813354,0.9693624973297119
00003_00040_00029_png.rf.7d37fc566ece4627cb04b2b8d32dc473.jpg,10,0.5180281400680542,0.5151348114013672,0.666970431804657,0.6627990007400513,0.9778426289558411
00003_00042_00029_png.rf.d0d6dd339d2be42128efbae34d3f541a.jpg,10,0.49198415875434875,0.5043241381645203,0.7170175909996033,0.7212998867034912,0.9684486389160156
00003_00044_00003_png.rf.2b73723d27b25434c3de6ca04adbe574.jpg,10,0.5486263036727905,0.5290714502334595,0.4883064925670624,0.47978198528289795,0.9527486562728882
00003_00044_00011_png.rf.9f723b9e228efc8339bf51faa590a58e.jpg,10,0.548904538154602,0.5424075126647949,0.567340075969696,0.5593603849411011,0.9557052254676819
00003_00044_00013_png.rf.24a211df9596dccf36b448483be5f663.jpg,10,0.5380247235298157,0.5133396983146667,0.6019089221954346,0.6087796092033386,0.9418738484382629
00003_00044_00020_png.rf.dc91d31ec81c700753fe335f3fc42cf8.jpg,10,0.5333223342895508,0.5169828534126282,0.6987931728363037,0.6958839893341064,0.9583819508552551
00003_00045_00010_png.rf.1eb0ead62274ff3e76b12140d0f4399b.jpg,10,0.5391982197761536,0.5375739336013794,0.6071416735649109,0.596979022026062,0.9391751289367676
00003_00045_00019_png.rf.3120c19400c889f8dfd507e2f6f16995.jpg,10,0.5146763920783997,0.5192613005638123,0.7116360664367676,0.7207056283950806,0.9618000984191895
00003_00046_00010_png.rf.891f75f30b9f3db0a566b63a5d08287f.jpg,10,0.5246142745018005,0.5093819499015808,0.6260591745376587,0.6177517771720886,0.9744858145713806
000041_jpg.rf.89c814e3db33e70112e3447d54bb42c6.jpg,7,0.5382778644561768,0.31329256296157837,0.26646995544433594,0.45857539772987366,0.9394468069076538
00004_00002_00014_png.rf.66ae4730024327a8ff79210c980a4667.jpg,11,0.5119552612304688,0.519199013710022,0.6762205958366394,0.6718407869338989,0.9582383036613464
00004_00003_00014_png.rf.fbd79a43c27ae3464c7be84d785ed5e2.jpg,11,0.5475014448165894,0.5144646167755127,0.6221678853034973,0.5934703946113586,0.9471602439880371
00004_00004_00006_png.rf.779cd44893dd231e6e05b680dc9bef9a.jpg,11,0.5021931529045105,0.5052564740180969,0.667402446269989,0.6796368956565857,0.9408239126205444
00004_00004_00009_png.rf.fc4e5787fbeb0511656710884dc88284.jpg,11,0.5348347425460815,0.518600583076477,0.6633240580558777,0.6899798512458801,0.9310615658760071
00004_00006_00002_png.rf.e126eb56f28cf1c98809239babe89334.jpg,11,0.5198422074317932,0.5350411534309387,0.55979984998703,0.5556249618530273,0.9547839760780334
00004_00009_00021_png.rf.0f8628e061118cfeaad9228b32489e7c.jpg,11,0.4933808445930481,0.5458536148071289,0.6707310676574707,0.6585337519645691,0.9236437082290649
00004_00010_00020_png.rf.8985cbdd62ef877bd3b91429c517b515.jpg,11,0.5295616984367371,0.5107701420783997,0.6801515817642212,0.6710090637207031,0.9507145285606384
00004_00022_00020_png.rf.56c34e7fb6ec15747810e3706fb11e4a.jpg,11,0.522429347038269,0.5120375752449036,0.6097906827926636,0.6109992861747742,0.949569821357727
00004_00030_00003_png.rf.31ed58359e92300b61de2440b5f38d1a.jpg,11,0.5394078493118286,0.5392678380012512,0.5454041361808777,0.5254791378974915,0.9519685506820679
00004_00030_00010_png.rf.c35b9a70b784be1bcd6b28d9ac1e12f5.jpg,11,0.537103533744812,0.49566909670829773,0.578423023223877,0.5771163105964661,0.9547420144081116
00004_00032_00009_png.rf.ea892d563594cad9d6d9ae8e8c9e9780.jpg,11,0.5140591263771057,0.4976813793182373,0.60072261095047,0.574839174747467,0.9647559523582458
00004_00035_00005_png.rf.b222e7d3ff032a58afdfb10ad73d6911.jpg,11,0.5236573219299316,0.5182667970657349,0.5408231019973755,0.5310314297676086,0.9370670914649963
00004_00036_00014_png.rf.de499ca97d9e6307ab9f8e859dd43336.jpg,11,0.5203554630279541,0.5153708457946777,0.6705546975135803,0.6773302555084229,0.947018027305603
00004_00036_00029_png.rf.f55502d5bebf262101364b930e187143.jpg,11,0.5096400380134583,0.5083014369010925,0.805292010307312,0.7981679439544678,0.956658124923706
00004_00037_00007_png.rf.223e842f5027e61ac59e32979ca930d6.jpg,11,0.5299080014228821,0.5111823081970215,0.5716444253921509,0.5558193325996399,0.9422807097434998
00004_00038_00011_png.rf.e8a8cb47ee1d09d447e63dd630056862.jpg,11,0.5052806735038757,0.49201497435569763,0.5320882201194763,0.5505368113517761,0.9608668684959412
00004_00038_00016_png.rf.91ed21fee2978def3dd315ee735fc1c0.jpg,11,0.5206091403961182,0.4904904067516327,0.5890564918518066,0.6094005703926086,0.9407880306243896
00004_00038_00023_png.rf.d7f850098ec568f71506f85f920d6eb3.jpg,11,0.4958001971244812,0.5170527696609497,0.6769095659255981,0.6957385540008545,0.9344943165779114
00004_00039_00028_png.rf.b088fe4f42e92367b13ca2fe401844ac.jpg,11,0.5199568271636963,0.49632129073143005,0.7672961354255676,0.7630090713500977,0.9631444811820984
00004_00044_00016_png.rf.21f8e05be871f651648f89b58c3f20c7.jpg,11,0.5293585062026978,0.5165959596633911,0.6735178828239441,0.6616554260253906,0.9533550143241882
00004_00046_00013_png.rf.6c04ac5c1dc478a3d929f9f1446d90b0.jpg,11,0.5160092115402222,0.5128021836280823,0.6642337441444397,0.6328218579292297,0.9532658457756042
00004_00049_00008_png.rf.92e7b20cb3ae99c683fc6a1a09ce836b.jpg,11,0.5341111421585083,0.5116968154907227,0.5562593340873718,0.5410822033882141,0.9514745473861694
00004_00050_00020_png.rf.5b1bab0bf6b9284c2c1cffcbe35b12ed.jpg,11,0.4974024295806885,0.5271600484848022,0.6248987913131714,0.6174200177192688,0.9439623355865479
00004_00052_00006_png.rf.17e668414f18071d605e3327513528de.jpg,11,0.5559989809989929,0.5491341352462769,0.5632498264312744,0.5168159604072571,0.9480476379394531
00004_00052_00016_png.rf.bfe7cf72a069a7a4347a21a300041156.jpg,11,0.5361438393592834,0.5085595846176147,0.6105877757072449,0.5941694378852844,0.9484374523162842
00004_00059_00010_png.rf.501920c3ea0f3537120f7b2835fcdc82.jpg,11,0.5019384622573853,0.5169111490249634,0.612282395362854,0.6303179860115051,0.9587691426277161
00004_00060_00021_png.rf.eb99d667b724b14132452c88d3674738.jpg,11,0.5116115212440491,0.528891384601593,0.6847510933876038,0.6875370144844055,0.9500091075897217
00005_00000_00019_png.rf.fb70e266857ce9ceea9b772edb452ab4.jpg,12,0.5264816880226135,0.5276185274124146,0.6713545322418213,0.6720933318138123,0.9608862400054932
00005_00001_00016_png.rf.da02434245fde3214475aa75e6d4e2b6.jpg,12,0.5106659531593323,0.5573873519897461,0.5767465233802795,0.6112648844718933,0.9423643350601196
00005_00003_00012_png.rf.77d9df57d17122641644da65c80d2f0e.jpg,12,0.5292356014251709,0.5455994009971619,0.6359252333641052,0.6519402265548706,0.9273248314857483
00005_00004_00005_png.rf.53f4cde1da9ac0094d8c0d9fd968beb1.jpg,12,0.5571022033691406,0.5382854342460632,0.6204602122306824,0.6035404205322266,0.9488206505775452
00005_00012_00025_png.rf.f8b1c97fbb9d575b38ad20cb4fc6e3b3.jpg,12,0.514397919178009,0.5077545642852783,0.7796106338500977,0.766693115234375,0.9615471959114075
00005_00014_00005_png.rf.0e24dd3583d580dadb9d69e73a08e78c.jpg,12,0.49122121930122375,0.5014078617095947,0.5619627237319946,0.5886581540107727,0.9600552916526794
00005_00014_00017_png.rf.ed92831e745be7167ec08c3f6d416b7d.jpg,12,0.5143622159957886,0.488005667924881,0.6712116599082947,0.6928680539131165,0.9531646966934204
00005_00016_00001_png.rf.fabe47d765e1b050e861dbb93b32167e.jpg,12,0.5393969416618347,0.5343036651611328,0.5644544959068298,0.5614137053489685,0.9071055054664612
00005_00044_00001_png.rf.b18c5a51d57be6cfa719c741ecba5d63.jpg,12,0.5246621966362,0.5229046940803528,0.5935539603233337,0.6335073113441467,0.9596211314201355
00005_00056_00008_png.rf.ce009bd4c68dbecc1d8f76f80550034d.jpg,12,0.5201789736747742,0.5349544286727905,0.6136203408241272,0.6353812217712402,0.9410706758499146
00005_00056_00012_png.rf.1125a7436050023f0b75206acb088f2a.jpg,12,0.4982823431491852,0.5245774984359741,0.6032005548477173,0.6139052510261536,0.9605781435966492
000069_jpg.rf.24da8297fff40a7760a8751ac763b821.jpg,7,0.43848130106925964,0.4531770944595337,0.32250499725341797,0.495893657207489,0.9560360312461853
000076_jpg.rf.0066537c077a3d460d354c5de1fef980.jpg,7,0.6035794019699097,0.4398776590824127,0.14500705897808075,0.1983557492494583,0.5460013747215271
000079_jpg.rf.4f001472f7893131e04b4bc151a1bbe6.jpg,7,0.4820529818534851,0.42639395594596863,0.43820294737815857,0.6098087430000305,0.9666740298271179
00007_00002_00021_png.rf.3e8282102bcbc3465886670d060ce78f.jpg,3,0.5178643465042114,0.5221827626228333,0.7559812068939209,0.7747023701667786,0.9684866070747375
00007_00016_00010_png.rf.06129e0dcd04b8601e57009dce36f893.jpg,3,0.5240813493728638,0.5122330784797668,0.6419369578361511,0.6410095691680908,0.972377359867096
00007_00024_00027_png.rf.566faa37c8dd33d7cd4145572d744276.jpg,3,0.5043436884880066,0.5120317339897156,0.7386100888252258,0.7390608191490173,0.9815386533737183
00007_00027_00020_png.rf.1c1be801a97cd5152cb9bcceaf08f5cd.jpg,3,0.5097846984863281,0.5101476907730103,0.7224918007850647,0.7103355526924133,0.982355535030365
00007_00028_00022_png.rf.6c2e0f03a47cf5fa2fabb3ecec47124a.jpg,3,0.5374517440795898,0.5349947810173035,0.7086186408996582,0.7513744235038757,0.9460325837135315
00007_00029_00014_png.rf.cc543e257165aa17476435f594aa76d1.jpg,3,0.5252306461334229,0.5108305215835571,0.655167818069458,0.6502549052238464,0.9886201620101929
00007_00033_00014_png.rf.73a43aaa12af693eff052e2fb710db31.jpg,3,0.5598785281181335,0.5172196626663208,0.6175421476364136,0.646510660648346,0.9827268123626709
00007_00040_00020_png.rf.845babcc2b4638d89980330cf6c5bcb2.jpg,3,0.510962188243866,0.5108985900878906,0.6450144648551941,0.6453599333763123,0.9803671836853027
00007_00040_00027_png.rf.8479c71333ccd871fbed5311de8ceaf8.jpg,3,0.5249887704849243,0.5192354321479797,0.6721720099449158,0.6751264929771423,0.9877581000328064
00007_00041_00000_png.rf.45f1f53954863a0d12d1cd00c092939b.jpg,3,0.5541549921035767,0.5425226092338562,0.5465262532234192,0.5553357005119324,0.6034595370292664
00007_00041_00000_png.rf.45f1f53954863a0d12d1cd00c092939b.jpg,12,0.5558133125305176,0.5430414080619812,0.5377686023712158,0.552263617515564,0.28590407967567444
00007_00041_00002_png.rf.02df629489fd7c902fdbd6c1dd2f78ae.jpg,3,0.545229434967041,0.5263642072677612,0.5416529774665833,0.5445635914802551,0.9843196272850037
00007_00042_00000_png.rf.b6fa9ef6ce63f92b01992d4ea8d63f5a.jpg,3,0.5046275854110718,0.525837242603302,0.5817771553993225,0.5664910078048706,0.5142611861228943
00007_00043_00010_png.rf.b292148f880510d6254fec1a3d3bed44.jpg,3,0.5114798545837402,0.5212020874023438,0.6146013140678406,0.6026673316955566,0.9866371154785156
000080_jpg.rf.254656b428b79e343e536f6ee51a24fc.jpg,7,0.7380742430686951,0.3759276568889618,0.3442591428756714,0.48546352982521057,0.9480224847793579
000086_jpg.rf.b654137b1cae075367f483dd2b5bac85.jpg,7,0.31843671202659607,0.487329363822937,0.42860648036003113,0.5986027717590332,0.958598792552948
00008_00003_00002_png.rf.70816dfa48b29ed84d1abcb9bb09bf70.jpg,5,0.5707862973213196,0.5348297357559204,0.5332338213920593,0.5233309268951416,0.8558593392372131
00008_00004_00016_png.rf.3ba26e964ab9827715594ec40609937e.jpg,5,0.5197587013244629,0.5230324268341064,0.6546965837478638,0.7012010812759399,0.9705852270126343
00008_00005_00014_png.rf.31eccab502c0a10e9e32f0718618105e.jpg,5,0.5209157466888428,0.5106320977210999,0.6722367405891418,0.6670616269111633,0.9866930842399597
00008_00006_00026_png.rf.cb433297defc6e2a91fd89685c39f39f.jpg,5,0.5144261121749878,0.539003312587738,0.6933026313781738,0.7095527648925781,0.963913083076477
00008_00007_00009_png.rf.8289199643586993b107ff888e950eab.jpg,5,0.5890567898750305,0.5207206010818481,0.5771156549453735,0.5740640759468079,0.9742374420166016
00008_00007_00010_png.rf.d2dc382f864442f6d8551cc9f41e0bc7.jpg,5,0.5617265701293945,0.5185554623603821,0.5819236636161804,0.5830138325691223,0.9586392045021057
00008_00009_00012_png.rf.fa47f1ade7b6ffafc8c23e106e4ec0a9.jpg,5,0.5157584547996521,0.5160843133926392,0.5813995003700256,0.5822000503540039,0.9728771448135376
00008_00011_00006_png.rf.416887ff8fd6e24fc585ce1838c632a4.jpg,5,0.5039457082748413,0.5347815155982971,0.5482450723648071,0.5485305190086365,0.9639102220535278
00008_00012_00022_png.rf.a76810c64a1c1a3def5cc808bb562890.jpg,5,0.5173637866973877,0.5151073336601257,0.7158796191215515,0.7266028523445129,0.9712454676628113
00008_00014_00012_png.rf.a62ba5f792b061df92e0177a04931c7b.jpg,5,0.5081295967102051,0.5297603607177734,0.6519249081611633,0.6147713661193848,0.9680399298667908
00008_00019_00004_png.rf.b716b893116e783e1bd33e79d972b5ae.jpg,5,0.5357694625854492,0.5413764119148254,0.5629353523254395,0.5854592323303223,0.9388784170150757
00008_00020_00007_png.rf.956ee64b06ed8ea4354a07ebb0c979a1.jpg,5,0.5346280336380005,0.5333144664764404,0.5602133274078369,0.5717131495475769,0.9412940144538879
00008_00020_00015_png.rf.1815b3c75c86dd9d26141470c0c8542b.jpg,5,0.5196822285652161,0.5196952819824219,0.5216007232666016,0.5329993367195129,0.9636545181274414
00008_00034_00008_png.rf.811d6bdaab24c4e03281dd023835def5.jpg,5,0.5354415774345398,0.5007236003875732,0.5965196490287781,0.5731109976768494,0.9655017852783203
00008_00043_00018_png.rf.cb403d912587a88325e095df6ab3f1df.jpg,5,0.5311223268508911,0.5487200021743774,0.6376831531524658,0.6818074584007263,0.9551814794540405
00008_00045_00006_png.rf.04585cc625839dc38c94a4357ec9d19c.jpg,5,0.5273095369338989,0.5151562094688416,0.6078044176101685,0.6356136202812195,0.9661660194396973
00008_00046_00015_png.rf.fca28beca2d7c7a733ca865755be6dbc.jpg,5,0.5308897495269775,0.5157702565193176,0.6531843543052673,0.6678377985954285,0.9625112414360046
000091_jpg.rf.9762d3529d876b77e9d99aa8027e449c.jpg,7,0.47363516688346863,0.4984363615512848,0.5370621681213379,0.7738948464393616,0.9529171586036682
000099_jpg.rf.cc64c31e94947e188ec07796f1f590a2.jpg,7,0.6530305743217468,0.4011634886264801,0.43699613213539124,0.7774249315261841,0.9707570672035217
000100_jpg.rf.8948ed8c132dae637b8dde18d0c5be7b.jpg,9,0.7230892181396484,0.22277550399303436,0.16354165971279144,0.2100519835948944,0.9312925934791565
000117_jpg.rf.c63f6b715b912a6e219500db2c4dd6fc.jpg,9,0.39409106969833374,0.4482012093067169,0.29169368743896484,0.1892971694469452,0.9082902073860168
000121_jpg.rf.c26ea4c0be18ece889414f12976c49f2.jpg,9,0.5018749833106995,0.24944934248924255,0.2427091747522354,0.34991881251335144,0.9570155739784241
000129_jpg.rf.549b104a7fd5f8171f046d77ca7ddae7.jpg,9,0.6499086618423462,0.5358184576034546,0.532135009765625,0.5521222352981567,0.9613824486732483
000130_jpg.rf.21da097324e3450bb8ab634399961e84.jpg,9,0.49474403262138367,0.3660888075828552,0.244956836104393,0.15898074209690094,0.9165507555007935
000132_jpg.rf.6da2ad3a8754fb97cfa5a54b1fa794dd.jpg,9,0.3586456775665283,0.3006013035774231,0.22348695993423462,0.19049139320850372,0.9568150639533997
000145_jpg.rf.e37be0ff8c6d10e897956e8599346f71.jpg,9,0.49285197257995605,0.38193443417549133,0.8102456331253052,0.4974479079246521,0.9461869597434998
000147_jpg.rf.bca55a14814a6d3a2554145932eb5490.jpg,9,0.5140490531921387,0.15263620018959045,0.37624096870422363,0.14952602982521057,0.7518362998962402
00014_00001_00006_png.rf.98b02c00237d76518ece14a1bdc194e9.jpg,14,0.5149278044700623,0.5137395858764648,0.6288349628448486,0.6437243819236755,0.9738754630088806
00014_00001_00009_png.rf.e13fd9f6dce4c523d54929047f528a21.jpg,14,0.5164653062820435,0.5208431482315063,0.6799169182777405,0.6869876384735107,0.972671627998352
00014_00001_00011_png.rf.3484d601f5012f5329eece492b0e69fa.jpg,14,0.5256986021995544,0.5264891386032104,0.6900267004966736,0.7342731952667236,0.9635582566261292
00014_00001_00019_png.rf.b23da2fc3bd75fcd44441c5f1e724952.jpg,14,0.5144373178482056,0.511238694190979,0.7984421253204346,0.8138049244880676,0.964769721031189
00014_00002_00029_png.rf.39fe8d27d845bd7b01172c8fe6e4f766.jpg,14,0.5156300067901611,0.5069525837898254,0.7673589587211609,0.791547954082489,0.9696491956710815
00014_00003_00001_png.rf.54c82cd619fe6dfe68ff0e9d0de201bd.jpg,14,0.5332856774330139,0.521461009979248,0.6854433417320251,0.7037665843963623,0.9566736221313477
00014_00003_00007_png.rf.4a4b5bfabfe079ec34b2bf1142a0461b.jpg,14,0.5207419395446777,0.4932788908481598,0.7377416491508484,0.7673987150192261,0.9790855050086975
00014_00003_00009_png.rf.1e49e9f368c48bc8051b5d9f131171c3.jpg,14,0.5353153347969055,0.512086808681488,0.7394969463348389,0.7805933356285095,0.9715201258659363
00014_00004_00010_png.rf.d35020e5fb797eed8b025b0dca4fe434.jpg,14,0.5171216726303101,0.5352451205253601,0.7267591953277588,0.7232434749603271,0.9672746062278748
00014_00004_00020_png.rf.e3b35f3ca153fde99af4db4a67d2a564.jpg,14,0.51508629322052,0.5172675251960754,0.7876481413841248,0.7809190154075623,0.9598702192306519
00014_00005_00004_png.rf.a5fc79eb6e949f3b096df8ccc70d188f.jpg,14,0.5240052342414856,0.5196880102157593,0.7528694272041321,0.7802706956863403,0.9697050452232361
00014_00005_00025_png.rf.297d8a9543fcea575965086bb06f4890.jpg,14,0.5114519596099854,0.5189265012741089,0.8142908811569214,0.8102205395698547,0.9632824063301086
00014_00006_00015_png.rf.5cb649de18ff690e33a86445aca080dd.jpg,14,0.5280097126960754,0.5304583311080933,0.723942220211029,0.7370529174804688,0.964301347732544
00014_00007_00002_png.rf.280a89db2cae24714734ae7f443731ba.jpg,14,0.5127823948860168,0.5141461491584778,0.6118928790092468,0.6087414622306824,0.9864783883094788
00014_00007_00006_png.rf.d3261be1ac6d7605e46470fb8e4940f4.jpg,14,0.5118924975395203,0.5121390223503113,0.6496524810791016,0.658900260925293,0.9811022877693176
00014_00007_00013_png.rf.bd8b36832e03b17e904c7a1a33f8937e.jpg,14,0.52599036693573,0.5226855278015137,0.7353910803794861,0.755640983581543,0.9638254046440125
00014_00008_00004_png.rf.ce893afcdfcca67343de52c60d510a98.jpg,14,0.5420621037483215,0.5416619181632996,0.6021938323974609,0.6699633598327637,0.9606389999389648
00014_00008_00013_png.rf.a9f7b30283b689f1a5808560a69c0f7c.jpg,14,0.5054837465286255,0.5240999460220337,0.6743112802505493,0.7203873991966248,0.9529373049736023
00014_00008_00028_png.rf.41dc94b1892472b66d391791d753bb84.jpg,14,0.5028036236763,0.5090839266777039,0.8092747330665588,0.7829802632331848,0.958154022693634
00014_00009_00009_png.rf.b4d1b6a8d582e147ba85747dd85cc451.jpg,14,0.539111316204071,0.5196434259414673,0.6262735724449158,0.6418200731277466,0.9584529399871826
00014_00009_00014_png.rf.5998ff1f31bd52e787eaa23bb04f06d2.jpg,14,0.5171148777008057,0.5100796818733215,0.7436862587928772,0.7457940578460693,0.9775667786598206
00014_00009_00022_png.rf.c59286af8197704e8e88c3efdbf7b9d5.jpg,14,0.51945561170578,0.5074427127838135,0.820338785648346,0.8290797472000122,0.9690886735916138
00014_00010_00014_png.rf.3f9712dbd32c574c45bf9dbb8517dd9f.jpg,14,0.5206263065338135,0.5333765745162964,0.7863080501556396,0.7934163212776184,0.9635326862335205
00014_00010_00017_png.rf.10f5ad5e297030721e4521481f8ca702.jpg,14,0.5121856927871704,0.5130014419555664,0.7746257781982422,0.775402843952179,0.9628633260726929
00014_00011_00027_png.rf.c81a4600612fc1eb5cc21661de7ef62b.jpg,14,0.49924272298812866,0.49846991896629333,0.7850551605224609,0.7934235334396362,0.9616105556488037
00014_00012_00028_png.rf.7e4a7979b1766d76ca5628991607b48c.jpg,14,0.521187424659729,0.5159030556678772,0.7970771789550781,0.7870876789093018,0.9721499681472778
00014_00013_00000_png.rf.230606f2f715a2bde5a237acafa3604b.jpg,14,0.5149707198143005,0.575879693031311,0.6387181282043457,0.49489837884902954,0.8989386558532715
00014_00013_00001_png.rf.e01f34bee93788d71a9ca127de49b201.jpg,14,0.49859240651130676,0.5163081884384155,0.5756894946098328,0.5483795404434204,0.9753021597862244
00014_00013_00003_png.rf.774d46f2b5700aec9e78f1959fd3030f.jpg,14,0.5115365982055664,0.5395787358283997,0.6140958666801453,0.6091187596321106,0.9769394993782043
00014_00022_00002_png.rf.067f3be88afec79842f718b26732c307.jpg,14,0.5306448936462402,0.4917515516281128,0.6281692385673523,0.6354427337646484,0.9610435366630554
00014_00023_00018_png.rf.7f4df748842e9a2b90d343c5612ff812.jpg,14,0.5202528834342957,0.5130260586738586,0.7660789489746094,0.7591323852539062,0.9733458757400513
00014_00024_00018_png.rf.1b7a484113cbc1f29d56a8f50156948a.jpg,14,0.5275412797927856,0.5330514907836914,0.751853883266449,0.7283127307891846,0.9552756547927856
000163_jpg.rf.55c9537881a01c071eb6c3b46008b884.jpg,9,0.18919560313224792,0.14515893161296844,0.3362390995025635,0.27785059809684753,0.9398986101150513
000166_jpg.rf.f37d1c743a28243f0e0f2482f2a67290.jpg,9,0.5015824437141418,0.47769999504089355,0.36480456590652466,0.636279284954071,0.9397923350334167
000174_jpg.rf.4f68fb9dc24d6b51af78e847b1e30c10.jpg,9,0.6055310368537903,0.39537516236305237,0.28337934613227844,0.41679802536964417,0.9490761756896973
000175_jpg.rf.3690880bd7e62c2260306322a3762cc7.jpg,9,0.6058388948440552,0.4021945595741272,0.28173828125,0.4236064553260803,0.9481395483016968
000178_jpg.rf.0b4d8766b1bfcd897098e2f8b9bbe5d1.jpg,9,0.46836158633232117,0.5102890133857727,0.7803099751472473,0.5467895269393921,0.9595605731010437
000191_jpg.rf.055356915ad47ae7e1c0ded839d6c748.jpg,9,0.6876857280731201,0.4158557057380676,0.35419994592666626,0.5017299652099609,0.9270757436752319
000193_jpg.rf.334b364417849eb38db4d2275dc85838.jpg,9,0.49743691086769104,0.34711194038391113,0.6673324704170227,0.4352321922779083,0.9618309736251831
000198_jpg.rf.9f156753fda46dd6fe9848a1440afd1b.jpg,9,0.4117847681045532,0.45869630575180054,0.24855069816112518,0.379022479057312,0.9771899580955505
000202_jpg.rf.7b9c03e897bab9b7a170deae87d31266.jpg,8,0.45393890142440796,0.2349676787853241,0.34296777844429016,0.19940684735774994,0.9227187633514404
000204_jpg.rf.0ea9da72e384254681f268a305a35eb6.jpg,8,0.44625577330589294,0.502124011516571,0.4580550789833069,0.5654483437538147,0.9622896313667297
000216_jpg.rf.ba4ecb747ec69d54c3a1690dcf5f5b3a.jpg,8,0.46923425793647766,0.27747079730033875,0.39381980895996094,0.2369394451379776,0.9526845216751099
000220_jpg.rf.07bc310baa1bbe3fe3ba7117b874ff64.jpg,8,0.5179437398910522,0.36807680130004883,0.3998115360736847,0.2588732838630676,0.9691260457038879
000223_jpg.rf.dbc866e5b7c69cf418e6bcca0e66e50b.jpg,8,0.6379883885383606,0.44097357988357544,0.5606902241706848,0.7273719906806946,0.8772451877593994
000231_jpg.rf.71b28020e16b2c6b5aa86d24726609c8.jpg,8,0.5012675523757935,0.7828164100646973,0.2112996131181717,0.14388011395931244,0.8680136203765869
000238_jpg.rf.dd14162743767963400cffffaea73ac9.jpg,8,0.633264422416687,0.5268014669418335,0.5985744595527649,0.7621703743934631,0.8683770298957825
000239_jpg.rf.9c2470be6d2e5443f4db1ababb992587.jpg,8,0.5256301164627075,0.34613242745399475,0.5592833757400513,0.420452356338501,0.9915947318077087
000257_jpg.rf.6f63b8fd63b0d875247ba0e3d776bd4f.jpg,8,0.2593456208705902,0.2173963338136673,0.44229912757873535,0.27849483489990234,0.9680543541908264
000261_jpg.rf.7c97ab6d968e742c9cc124edd2630e3c.jpg,8,0.5017542243003845,0.2535109519958496,0.4328135848045349,0.2974672317504883,0.9652414917945862
000267_jpg.rf.45d318ba9ef48ae9327bb408eb24438e.jpg,8,0.664211094379425,0.5030942559242249,0.28514936566352844,0.17613485455513,0.9422853589057922
000282_jpg.rf.26ad0708d13674c6d8cfce6f6bd40cdb.jpg,8,0.4896905720233917,0.4800014793872833,0.8772991299629211,0.5524166226387024,0.44160303473472595
000286_jpg.rf.48a1be45c5db5656f2bacf687164c529.jpg,11,0.38087648153305054,0.47763726115226746,0.4622054696083069,0.8546054363250732,0.9463546872138977
000287_jpg.rf.a4143ed52df9779f0f27104daf6a8762.jpg,14,0.33807992935180664,0.4698059856891632,0.4195280373096466,0.5255686640739441,0.9501013159751892
000287_jpg.rf.a4143ed52df9779f0f27104daf6a8762.jpg,8,0.7585896253585815,0.3532875180244446,0.26837700605392456,0.3375583291053772,0.9034685492515564
000288_jpg.rf.2764018cfc726e02916e1739c8f35b5e.jpg,8,0.47967755794525146,0.659363865852356,0.45386749505996704,0.29051223397254944,0.8392181396484375
000289_jpg.rf.5bcff3507297a43a567fd64d593fd533.jpg,8,0.49695897102355957,0.2734970450401306,0.4913826286792755,0.3130716383457184,0.9859153032302856
000295_jpg.rf.3940d624bf6e15926480dad000dd8fa4.jpg,8,0.5321635603904724,0.7151138782501221,0.4966743290424347,0.3562198281288147,0.9771454334259033
000300_jpg.rf.5013849426466f43fb71333c9d7e208b.jpg,10,0.2940252721309662,0.6704205870628357,0.2417249083518982,0.37926599383354187,0.9422135353088379
000336_jpg.rf.be0bfe39579236b8f1710a54065f106c.jpg,3,0.8490946292877197,0.27535608410835266,0.18206126987934113,0.27927738428115845,0.9160460829734802
000338_jpg.rf.69f491edc3091d390af673d2da54e080.jpg,10,0.23674429953098297,0.15820905566215515,0.0715242549777031,0.13165132701396942,0.3546925485134125
000338_jpg.rf.69f491edc3091d390af673d2da54e080.jpg,13,0.23798705637454987,0.15852074325084686,0.07195333391427994,0.13703636825084686,0.29915618896484375
000338_jpg.rf.69f491edc3091d390af673d2da54e080.jpg,7,0.2358955293893814,0.158901646733284,0.07012932747602463,0.13421018421649933,0.25737297534942627
000344_jpg.rf.86a946abb84be97bc833636b8b47b779.jpg,10,0.22129704058170319,0.439116895198822,0.2391338050365448,0.3543539047241211,0.9300284385681152
000359_jpg.rf.767bed64e2ff0d34ec7b1db1d0e6c398.jpg,10,0.6605820059776306,0.4163914620876312,0.3240557610988617,0.4847151041030884,0.9383131861686707
000361_jpg.rf.373518288e417cc551b309d3533c6d0f.jpg,10,0.6681161522865295,0.44230586290359497,0.350147545337677,0.4961470365524292,0.9357559680938721
000380_jpg.rf.7216ac7b95b9137ab398250ae08e026c.jpg,10,0.5522109270095825,0.445132851600647,0.16745376586914062,0.27388235926628113,0.9482731223106384
000383_jpg.rf.070efbd57b6f1e61ece84acca33ec797.jpg,10,0.5962560176849365,0.4345930814743042,0.15526896715164185,0.2282078117132187,0.9174422025680542
000412_jpg.rf.4201db338b39b5c120994db37fbf058f.jpg,7,0.6389556527137756,0.4199519753456116,0.49462538957595825,0.6488835215568542,0.958533763885498
000443_jpg.rf.a212d740b71445278e52aec90cdd3e47.jpg,7,0.6136162877082825,0.3122553527355194,0.25480586290359497,0.3862251937389374,0.9517250061035156
000446_jpg.rf.6c9f95ad6ab51802829691fd907953e2.jpg,7,0.6421991586685181,0.48752808570861816,0.4401664435863495,0.6339931488037109,0.9665495157241821
000464_jpg.rf.e5b8f6d9c318c1ad7e34ee049bd64988.jpg,11,0.32022538781166077,0.2822056710720062,0.29008111357688904,0.5311871767044067,0.9282933473587036
000466_jpg.rf.f609fd155d77826a456bb83ec2fba973.jpg,11,0.5059835314750671,0.4446476101875305,0.3397636413574219,0.19329901039600372,0.9352619051933289
000475_jpg.rf.b44fe1a1d53315f7ff81d3bea0277189.jpg,11,0.5856360793113708,0.2082040160894394,0.28910475969314575,0.3525768518447876,0.9341926574707031
000478_jpg.rf.ea1348c002d93944315cd4db7cccc0ed.jpg,11,0.6801611185073853,0.3532356917858124,0.1931706666946411,0.2923155725002289,0.9292340278625488
000485_jpg.rf.af7e94cba40a41c54db6ce2495de5789.jpg,11,0.5219795107841492,0.6410282254219055,0.1591709703207016,0.22098658978939056,0.948624312877655
000488_jpg.rf.39fb3e780926eca95137e27b755f19af.jpg,11,0.688959538936615,0.6411375403404236,0.36047276854515076,0.23466847836971283,0.9238728284835815
000495_jpg.rf.62cc333852734fdf12c38fb00d5a8273.jpg,11,0.22927524149417877,0.5128709077835083,0.27068784832954407,0.4351139962673187,0.9316654801368713
000500_jpg.rf.b742528d52c611a0eb6f2d0453a3c81a.jpg,14,0.8230291604995728,0.44169628620147705,0.09182269871234894,0.13274142146110535,0.9285067319869995
000500_jpg.rf.b742528d52c611a0eb6f2d0453a3c81a.jpg,11,0.8216830492019653,0.4409778118133545,0.094064861536026,0.13025173544883728,0.7600299119949341
000507_jpg.rf.cef3041f8b255c4cea0070fe8e2c04e4.jpg,11,0.6704748868942261,0.34507304430007935,0.34316641092300415,0.2662259638309479,0.9256166219711304
000512_jpg.rf.e2e180ced9b44c98c59556fef04838bd.jpg,11,0.8331773281097412,0.19743795692920685,0.20951785147190094,0.24586810171604156,0.9578679203987122
000512_jpg.rf.e2e180ced9b44c98c59556fef04838bd.jpg,11,0.37964802980422974,0.4681244194507599,0.5773472189903259,0.7076075673103333,0.9503673911094666
000534_jpg.rf.fc7a9c184c96044637a59a8abbc842d2.jpg,11,0.80814129114151,0.4610547125339508,0.1292351931333542,0.17806178331375122,0.9883169531822205
000558_jpg.rf.40c69cee11121c32100bc0ec9dc29849.jpg,12,0.7945133447647095,0.3550499677658081,0.3137221932411194,0.38165900111198425,0.9339433312416077
000566_jpg.rf.85d938d7ad9b91799d8732111b98cc79.jpg,12,0.39927878975868225,0.22495248913764954,0.17414622008800507,0.2867409884929657,0.9354153275489807
000592_jpg.rf.7264e25a590f878fcb39467d550219de.jpg,12,0.7166541218757629,0.38234540820121765,0.4901651442050934,0.7641928195953369,0.9556900858879089
000595_jpg.rf.5b549a5e1f209899e21445383698e00d.jpg,12,0.7006922960281372,0.6884749531745911,0.3859347403049469,0.5957421660423279,0.9468674063682556
000596_jpg.rf.eb635457db0d42d1d585000296f83145.jpg,12,0.7801427245140076,0.3879198729991913,0.3853839635848999,0.7081401944160461,0.943760871887207
000599_jpg.rf.87f4886233a457df94743a34ee410218.jpg,12,0.8107831478118896,0.2455110102891922,0.30322882533073425,0.4632370173931122,0.9488583207130432
000626_jpg.rf.844a2fbefbe88499e977a640a50441c8.jpg,12,0.5118350386619568,0.24846771359443665,0.19842353463172913,0.3742607831954956,0.9411486983299255
000629_jpg.rf.7fc79b6ca0f85116dc5588dd6869900c.jpg,12,0.4481005370616913,0.3422445058822632,0.45361167192459106,0.3106531798839569,0.9474625587463379
000644_jpg.rf.e150fedf356c73b528bb6943f267e094.jpg,12,0.37421560287475586,0.2118581086397171,0.3301624357700348,0.20670095086097717,0.5777122974395752
000644_jpg.rf.e150fedf356c73b528bb6943f267e094.jpg,13,0.3742271661758423,0.2103240191936493,0.33073529601097107,0.20282875001430511,0.4749488830566406
000649_jpg.rf.f86b7d2974091d1956dedec6e79cbf61.jpg,12,0.2786213457584381,0.16181032359600067,0.11683644354343414,0.16502366960048676,0.554977297782898
000652_jpg.rf.2d13be3464e928dde8d4e3a7ed638236.jpg,9,0.6366201639175415,0.5304577350616455,0.07477100193500519,0.11995095759630203,0.4485619068145752
000654_jpg.rf.d267c50f2def671a3af6c7816a990548.jpg,12,0.4549766182899475,0.3706079125404358,0.18267999589443207,0.2851253151893616,0.9406164884567261
000656_jpg.rf.2bfcb3a401a6cd59986f442316903cca.jpg,12,0.8487255573272705,0.34576717019081116,0.22761155664920807,0.23474706709384918,0.9207327365875244
000658_jpg.rf.305458475fd66b31a8b2796cceb9f511.jpg,13,0.5640005469322205,0.45101892948150635,0.13311049342155457,0.18092596530914307,0.7790820002555847
000658_jpg.rf.305458475fd66b31a8b2796cceb9f511.jpg,12,0.5636930465698242,0.45404282212257385,0.13315963745117188,0.18727801740169525,0.5013277530670166
000664_jpg.rf.882fdd90b90c7f1af1fc37a7467443cf.jpg,12,0.22969546914100647,0.7277960777282715,0.23892447352409363,0.30763790011405945,0.9578471779823303
000664_jpg.rf.882fdd90b90c7f1af1fc37a7467443cf.jpg,9,0.2376960664987564,0.3344235420227051,0.2399718314409256,0.3135005533695221,0.932735800743103
000670_jpg.rf.9b82f265d8e858e1ac239f550bb09315.jpg,12,0.7888211607933044,0.25070035457611084,0.25375455617904663,0.37084686756134033,0.931114912033081
000680_jpg.rf.10f9a8b0c68fd4c3a3f991673e8be240.jpg,12,0.7884066700935364,0.31916025280952454,0.3078669011592865,0.40069690346717834,0.8791524171829224
000684_jpg.rf.da8d58e5754b48f640c2521ce190912e.jpg,12,0.3746098279953003,0.4551849961280823,0.5852335691452026,0.7270222902297974,0.940390408039093
000684_jpg.rf.da8d58e5754b48f640c2521ce190912e.jpg,12,0.8320095539093018,0.19158726930618286,0.2067081779241562,0.25614967942237854,0.8987032771110535
000689_jpg.rf.e7eb671b04e54cabccbc491dc3087e13.jpg,12,0.4995277225971222,0.4910100996494293,0.32202428579330444,0.5705742835998535,0.975152850151062
000695_jpg.rf.5433ef9bdff69bb898a98f69af622064.jpg,12,0.22344110906124115,0.32360005378723145,0.19988380372524261,0.291330486536026,0.9511120915412903
000700_jpg.rf.4abc8faa3c8f0970d53095fa9218cf8a.jpg,12,0.9102590680122375,0.5492910146713257,0.08042233437299728,0.12349994480609894,0.37700721621513367
000700_jpg.rf.4abc8faa3c8f0970d53095fa9218cf8a.jpg,3,0.9106529355049133,0.548017680644989,0.08179738372564316,0.11844063550233841,0.25348392128944397
000700_jpg.rf.4abc8faa3c8f0970d53095fa9218cf8a.jpg,5,0.9113358855247498,0.5471653938293457,0.0814763605594635,0.12055265158414841,0.2506493031978607
000703_jpg.rf.2999e1a86a880c30b97644b227648d36.jpg,13,0.5030220746994019,0.37523406744003296,0.5055896043777466,0.5678369998931885,0.9495814442634583
000711_jpg.rf.0a584e00809f5da1be911472ba1f8e7b.jpg,9,0.9187608957290649,0.5960394144058228,0.0661967396736145,0.1122269332408905,0.29534798860549927
000713_jpg.rf.ea540b12ec46dd3f2dad786ab321c3a3.jpg,7,0.5284870862960815,0.4566040337085724,0.3179782032966614,0.2402462661266327,0.9448042511940002
000722_jpg.rf.9bee48a5dc22112fb5a705192fd54d45.jpg,8,0.4993590712547302,0.6264939308166504,0.16810695827007294,0.19749455153942108,0.8234389424324036
000729_jpg.rf.7b1a28094ac79f94f38e0ca9d4037037.jpg,12,0.8581475615501404,0.24225881695747375,0.25887006521224976,0.4115341901779175,0.9343855381011963
000735_jpg.rf.8927d1a7914f3b404d59d7afb8238ce4.jpg,13,0.5450822710990906,0.2856186330318451,0.19987063109874725,0.35884490609169006,0.9417797327041626
000736_jpg.rf.228d17ea85d8e4b2f1fd5a1fec7582d9.jpg,13,0.44357866048812866,0.25567859411239624,0.24936765432357788,0.16347038745880127,0.7592577934265137
000736_jpg.rf.228d17ea85d8e4b2f1fd5a1fec7582d9.jpg,5,0.44947728514671326,0.42048919200897217,0.24906650185585022,0.1596110463142395,0.31565046310424805
000741_jpg.rf.48077831b42aa2a01691cd30be5da048.jpg,13,0.6783192753791809,0.33181339502334595,0.38882139325141907,0.6636267900466919,0.9749804735183716
000753_jpg.rf.23d05489386c3399c5d26ac779015d26.jpg,10,0.6475111246109009,0.7396213412284851,0.10301575809717178,0.15710757672786713,0.4004255533218384
000753_jpg.rf.23d05489386c3399c5d26ac779015d26.jpg,13,0.648224949836731,0.7385537624359131,0.10380026698112488,0.1543891727924347,0.29176852107048035
000762_jpg.rf.ea6102293c9b38d9f90158f1a4cc33f7.jpg,13,0.6779806613922119,0.4079468250274658,0.21565908193588257,0.25594592094421387,0.9261572360992432
000769_jpg.rf.1df4a76b3e7055f19fd63f71a3d4ab3f.jpg,13,0.7866820693016052,0.498827189207077,0.27980995178222656,0.21426810324192047,0.9306363463401794
000783_jpg.rf.0f12070feb6f7bc91c48aa93a65d2e93.jpg,13,0.6487695574760437,0.2689381241798401,0.2478870004415512,0.4475751519203186,0.9721099734306335
000786_jpg.rf.60798d12643d9be450731115c76bd86c.jpg,8,0.7864762544631958,0.102044016122818,0.13471412658691406,0.13111761212348938,0.32963359355926514
000786_jpg.rf.60798d12643d9be450731115c76bd86c.jpg,5,0.7870198488235474,0.10169119387865067,0.1366863250732422,0.13327741622924805,0.30766183137893677
000790_jpg.rf.ddb1d679830f7cafbcbec2013a6ff2fc.jpg,13,0.7642842531204224,0.09001174569129944,0.23539602756500244,0.16908012330532074,0.8822064399719238
000792_jpg.rf.3899b0ef3229b4f18a7954698cc40c92.jpg,1,0.34288203716278076,0.23547706007957458,0.017306474968791008,0.06899438053369522,0.42363637685775757
000792_jpg.rf.3899b0ef3229b4f18a7954698cc40c92.jpg,1,0.21055878698825836,0.5337041616439819,0.024069860577583313,0.07951179146766663,0.3589595854282379
000792_jpg.rf.3899b0ef3229b4f18a7954698cc40c92.jpg,0,0.5989875197410583,0.26130032539367676,0.015836790204048157,0.057117391377687454,0.3206203877925873
000797_jpg.rf.3d78d9d11140e03357ddde30e7e7e98e.jpg,7,0.5231595039367676,0.4622924029827118,0.3283107578754425,0.5872738361358643,0.9384118318557739
000808_jpg.rf.8007590175a593bc5b4408a31ade3f3a.jpg,0,0.542661190032959,0.234660342335701,0.015827912837266922,0.059773996472358704,0.8222890496253967
000809_jpg.rf.dcd99922c592f3b634ddb443bf40dce1.jpg,1,0.3383665978908539,0.1539992392063141,0.026678452268242836,0.09534722566604614,0.77021324634552
000809_jpg.rf.dcd99922c592f3b634ddb443bf40dce1.jpg,1,0.8320432901382446,0.26867350935935974,0.02691122330725193,0.08442328870296478,0.5064767599105835
000809_jpg.rf.dcd99922c592f3b634ddb443bf40dce1.jpg,1,0.5500739216804504,0.12716121971607208,0.0209808349609375,0.08880633860826492,0.39381271600723267
000811_jpg.rf.142d78a345147dc179446aa8ec1191ce.jpg,1,0.3049328029155731,0.2863125205039978,0.014498637989163399,0.04995199665427208,0.5191516280174255
000811_jpg.rf.142d78a345147dc179446aa8ec1191ce.jpg,1,0.5013537406921387,0.2848699390888214,0.0178375244140625,0.05605565756559372,0.33138635754585266
000815_jpg.rf.29afabe5f464c19bf77856ba5a90bd1e.jpg,8,0.6428977251052856,0.5727957487106323,0.2164374589920044,0.31246304512023926,0.968501627445221
000822_jpg.rf.63b8e6ec737487b4e7e9e2ed48754226.jpg,13,0.6490265130996704,0.7387818694114685,0.10575999319553375,0.1598633974790573,0.42989349365234375
000825_jpg.rf.dd850d3ac847bd61179c2191ebc02b37.jpg,1,0.6392696499824524,0.24238359928131104,0.054697148501873016,0.02700769156217575,0.7175580263137817
000825_jpg.rf.dd850d3ac847bd61179c2191ebc02b37.jpg,1,0.3105286955833435,0.2646651268005371,0.014703163877129555,0.051819875836372375,0.5447803735733032
000825_jpg.rf.dd850d3ac847bd61179c2191ebc02b37.jpg,1,0.2838979661464691,0.2664174437522888,0.01400771550834179,0.05660838633775711,0.530390202999115
000831_jpg.rf.09392428bf69f0de8c937caec3590319.jpg,9,0.5049182176589966,0.16324560344219208,0.08258555829524994,0.1680084466934204,0.4031411111354828
000831_jpg.rf.09392428bf69f0de8c937caec3590319.jpg,10,0.506740152835846,0.387273371219635,0.08453648537397385,0.1699434518814087,0.38307860493659973
000831_jpg.rf.09392428bf69f0de8c937caec3590319.jpg,9,0.5059207081794739,0.38630494475364685,0.08454425632953644,0.17020849883556366,0.3053802251815796
000833_jpg.rf.a774fb7c4620c050e43d66a0062137af.jpg,11,0.7392577528953552,0.4433189034461975,0.07688361406326294,0.15692029893398285,0.6421940922737122
000836_jpg.rf.c262dc2f875c2d27c5358091bec7f23c.jpg,3,0.8768554925918579,0.13550914824008942,0.1416291445493698,0.2571778893470764,0.9281837344169617
000836_jpg.rf.c262dc2f875c2d27c5358091bec7f23c.jpg,1,0.424670934677124,0.834582507610321,0.1863875836133957,0.3221450448036194,0.6973855495452881
000836_jpg.rf.c262dc2f875c2d27c5358091bec7f23c.jpg,13,0.8801783919334412,0.13290727138519287,0.14335501194000244,0.256112664937973,0.3410223722457886
000841_jpg.rf.82ac37a263cc3771094f878f75519d3c.jpg,7,0.7119234800338745,0.6132110357284546,0.27789586782455444,0.4213353097438812,0.9488628506660461
000854_JPG_jpg.rf.c2dbb2abedf6e49d74effc7a8945ed99.jpg,0,0.03734160214662552,0.41997030377388,0.07446905225515366,0.03916990011930466,0.753093957901001
000854_JPG_jpg.rf.c2dbb2abedf6e49d74effc7a8945ed99.jpg,0,0.8387927412986755,0.30458688735961914,0.07492946088314056,0.03896889463067055,0.675503134727478
000860_jpg.rf.96ab0958df78e7af07071f6d1dd7b6e6.jpg,1,0.25849294662475586,0.2189159095287323,0.012372530996799469,0.05326245725154877,0.5232992768287659
000860_jpg.rf.96ab0958df78e7af07071f6d1dd7b6e6.jpg,1,0.2921661138534546,0.2176142930984497,0.014178276993334293,0.05443529039621353,0.4783346354961395
000860_jpg.rf.96ab0958df78e7af07071f6d1dd7b6e6.jpg,1,0.6879183053970337,0.20400649309158325,0.01656370982527733,0.04761255905032158,0.40946659445762634
000860_jpg.rf.96ab0958df78e7af07071f6d1dd7b6e6.jpg,1,0.7212905883789062,0.2022182047367096,0.015628814697265625,0.04363793879747391,0.3341470956802368
000866_JPG_jpg.rf.585d575b53d2e6e316c8abb2d07e4c17.jpg,0,0.3652373254299164,0.2848389148712158,0.09748547524213791,0.04449712485074997,0.8531301021575928
000867_JPG_jpg.rf.0961b153fd2cdd7f71455ca70b9226fc.jpg,0,0.37573733925819397,0.11578550934791565,0.14351890981197357,0.05594312399625778,0.8778836727142334
000872_JPG_jpg.rf.618811525dae8c1799c5093046e551c5.jpg,0,0.5218565464019775,0.20801475644111633,0.08798768371343613,0.04578964784741402,0.6528798937797546
000883_JPG_jpg.rf.bcfbe7999ec1b4e660a155e0e145e234.jpg,0,0.30241990089416504,0.22309400141239166,0.08430653810501099,0.0445215180516243,0.70243239402771
000887_jpg.rf.307baae87436b41df5a8a47635940201.jpg,1,0.3302745521068573,0.24410377442836761,0.014328590594232082,0.04942013695836067,0.6993496417999268
000887_jpg.rf.307baae87436b41df5a8a47635940201.jpg,1,0.512611985206604,0.22036691009998322,0.016559455543756485,0.048363540321588516,0.2553772032260895
000897_JPG_jpg.rf.d8616645e7ae5a674caf3f2e17dab345.jpg,0,0.5000056624412537,0.1560334712266922,0.147795170545578,0.06941722333431244,0.9036149382591248
000898_JPG_jpg.rf.89de33253d01e0308735dc746aa4977f.jpg,0,0.48200300335884094,0.2753930687904358,0.06335918605327606,0.03212136775255203,0.7386716604232788
000899_JPG_jpg.rf.44b9967b6405c6ad4f9ad7dfa2ad610d.jpg,0,0.6511143445968628,0.31534507870674133,0.0990634337067604,0.043735653162002563,0.8054802417755127
000908_JPG_jpg.rf.d4876c6a6657b36ba6b1c1626df8123d.jpg,0,0.19773295521736145,0.1609528660774231,0.09834447503089905,0.048640262335538864,0.44411832094192505
000922_JPG_jpg.rf.143f5b1a97d934ec4a71114055fa5a0b.jpg,0,0.5328342318534851,0.15197765827178955,0.2485124170780182,0.07578635215759277,0.9321404695510864
000923_JPG_jpg.rf.f4e893778e08329a2b43abaef002f29e.jpg,0,0.30775701999664307,0.25336122512817383,0.07558736950159073,0.03916439786553383,0.7261559963226318
000934_JPG_jpg.rf.81031f117e2b4ac8b19c0cbe3bdd1d99.jpg,0,0.3903498351573944,0.16152599453926086,0.12116505950689316,0.05496135354042053,0.9068106412887573
000934_JPG_jpg.rf.81031f117e2b4ac8b19c0cbe3bdd1d99.jpg,0,0.6232144236564636,0.484908789396286,0.046001728624105453,0.02614021487534046,0.6341641545295715
000936_jpg.rf.66c50dea6603f9ecc83f8b79c88a2f54.jpg,1,0.6325042843818665,0.9576067328453064,0.016219213604927063,0.07671268284320831,0.30521780252456665
000938_JPG_jpg.rf.bf51e9c0b4a1d133c3e73bf56c2d2062.jpg,0,0.360798180103302,0.19309765100479126,0.11913600564002991,0.062199484556913376,0.9179682731628418
000941_JPG_jpg.rf.9afc696caf8c7db27bf2134dd5660a27.jpg,0,0.3699980676174164,0.18279512226581573,0.1014445424079895,0.05498020723462105,0.6811315417289734
000941_JPG_jpg.rf.9afc696caf8c7db27bf2134dd5660a27.jpg,0,0.19646196067333221,0.3178589940071106,0.07245397567749023,0.037594299763441086,0.5658971667289734
000944_JPG_jpg.rf.a0b81118199b4d11ccb859c15d0cb1f6.jpg,0,0.29169031977653503,0.10182709246873856,0.15608809888362885,0.0656004399061203,0.9449283480644226
000944_JPG_jpg.rf.a0b81118199b4d11ccb859c15d0cb1f6.jpg,0,0.4483534097671509,0.38185369968414307,0.07576414197683334,0.03539173677563667,0.8035666942596436
000944_JPG_jpg.rf.a0b81118199b4d11ccb859c15d0cb1f6.jpg,0,0.6441475749015808,0.524411141872406,0.038501888513565063,0.021315796300768852,0.2607141435146332
000945_JPG_jpg.rf.ad79e318355923e68a10f1678fe9b6bf.jpg,0,0.22359998524188995,0.12956492602825165,0.3008602559566498,0.11426905542612076,0.9425786733627319
000945_JPG_jpg.rf.ad79e318355923e68a10f1678fe9b6bf.jpg,0,0.5273028612136841,0.6063185334205627,0.146650031208992,0.055736321955919266,0.9171481132507324
000945_JPG_jpg.rf.ad79e318355923e68a10f1678fe9b6bf.jpg,0,0.5963870882987976,0.7139481902122498,0.17614923417568207,0.046113237738609314,0.560464084148407
000945_JPG_jpg.rf.ad79e318355923e68a10f1678fe9b6bf.jpg,0,0.9179739356040955,0.8508776426315308,0.06770823895931244,0.03134199231863022,0.2790851294994354
000946_jpg.rf.18bf1b977f56cc49545942b86ac7c739.jpg,0,0.5223671197891235,0.8455113768577576,0.02876003086566925,0.108030766248703,0.9016678333282471
000946_jpg.rf.18bf1b977f56cc49545942b86ac7c739.jpg,0,0.07501921057701111,0.8801256418228149,0.020128682255744934,0.09520266950130463,0.8715501427650452
000946_JPG_jpg.rf.d747fd05b21ff8ac85c05629986ae344.jpg,0,0.39918845891952515,0.2220250368118286,0.10973784327507019,0.052267737686634064,0.699003279209137
000949_JPG_jpg.rf.dffe53a303ce089bd4001a13de0cc7bd.jpg,0,0.2786874771118164,0.1316675841808319,0.3321796953678131,0.14011317491531372,0.8685089945793152
000954_JPG_jpg.rf.2633035aaeb19e6f2005bf2f8f5d3ebd.jpg,0,0.47622057795524597,0.25029128789901733,0.12823691964149475,0.059386108070611954,0.7936251759529114
000959_jpg.rf.5bf1b1614cead2ae3ed908c0373143c1.jpg,0,0.38860389590263367,0.29805201292037964,0.012647923082113266,0.048296086490154266,0.7837525606155396
000961_jpg.rf.805df5d6f453caa3c1fa8a87893ec991.jpg,0,0.4354187548160553,0.26488494873046875,0.01841750554740429,0.054452165961265564,0.64944988489151
000961_jpg.rf.805df5d6f453caa3c1fa8a87893ec991.jpg,0,0.5295085310935974,0.26336774230003357,0.016518373042345047,0.052748020738363266,0.6286229491233826
000966_JPG_jpg.rf.87fa55fbebc4989000b890b88765c712.jpg,0,0.27047833800315857,0.12373930960893631,0.09283007681369781,0.05985592305660248,0.40800702571868896
000967_jpg.rf.c03a4af67b2c09d534327ef7de40de4c.jpg,1,0.6405569314956665,0.098436139523983,0.026846373453736305,0.10296370834112167,0.687682032585144
000967_jpg.rf.c03a4af67b2c09d534327ef7de40de4c.jpg,1,0.8086115121841431,0.09235552698373795,0.025490395724773407,0.10561664402484894,0.5231010913848877
000983_JPG_jpg.rf.435a52389bec50fc37b8d83dc287f3ed.jpg,0,0.5876369476318359,0.061164792627096176,0.2840070128440857,0.0839037224650383,0.9436562061309814
000983_JPG_jpg.rf.435a52389bec50fc37b8d83dc287f3ed.jpg,0,0.2527744174003601,0.42263486981391907,0.08815751224756241,0.031296439468860626,0.2540605068206787
000985_JPG_jpg.rf.858faffcae4167e233b829d2f744f34f.jpg,0,0.31848758459091187,0.11202690005302429,0.13153883814811707,0.05242336913943291,0.9269037842750549
000989_JPG_jpg.rf.190d2ec887677882e3d1c869a542aa26.jpg,0,0.41455790400505066,0.1552419364452362,0.20292635262012482,0.08660232275724411,0.7270104885101318
000994_jpg.rf.a4d87f8cd54a7a19e0081461e279a335.jpg,0,0.4579600691795349,0.8589907884597778,0.035577114671468735,0.133758544921875,0.9061669707298279
000994_jpg.rf.a4d87f8cd54a7a19e0081461e279a335.jpg,1,0.22404976189136505,0.28755322098731995,0.0927942767739296,0.03317172825336456,0.40565383434295654
000994_jpg.rf.a4d87f8cd54a7a19e0081461e279a335.jpg,1,0.24708165228366852,0.28709110617637634,0.04467582702636719,0.02624482475221157,0.29342031478881836
001000_jpg.rf.55d2c5392c587e099e386a6406bff14f.jpg,3,0.2061087191104889,0.28104618191719055,0.21210092306137085,0.37315618991851807,0.9568266272544861
001004_jpg.rf.b5403b891cecfc5231ff9ef14b3534ae.jpg,3,0.4989506006240845,0.39529311656951904,0.2727373540401459,0.2069486528635025,0.9414598941802979
001014_jpg.rf.b5f73c9eb6dc1a27fd9ec0323fb5d210.jpg,3,0.29328301548957825,0.21856029331684113,0.2016334980726242,0.33053356409072876,0.9437710642814636
001019_jpg.rf.c53eaf43c583c2bdb0f57c91179329f9.jpg,0,0.16542990505695343,0.13589923083782196,0.029085710644721985,0.11826114356517792,0.8295212984085083
001019_jpg.rf.c53eaf43c583c2bdb0f57c91179329f9.jpg,0,0.5583353042602539,0.10841280966997147,0.03061632066965103,0.11946167051792145,0.7728626728057861
001023_jpg.rf.f7de58bb03c2e2a346432baa358b4c3e.jpg,3,0.29305699467658997,0.2767416834831238,0.2054537683725357,0.25268393754959106,0.9679948091506958
001028_jpg.rf.7a77036407cf037c2415b436fde7826b.jpg,3,0.7426319122314453,0.21413244307041168,0.11842141300439835,0.15836361050605774,0.7384551167488098
001031_jpg.rf.2b5fd42d6b8a7d445183a468803e57b9.jpg,3,0.5389787554740906,0.3494325876235962,0.18467654287815094,0.2746046483516693,0.973509669303894
001035_jpg.rf.8bb44e874531b88eb7bdff9082c78a43.jpg,3,0.6102713942527771,0.44310134649276733,0.386566698551178,0.5334571599960327,0.9821174740791321
001049_jpg.rf.e527b2a1edfb88b1fbfb9542d33a9a27.jpg,0,0.3323046863079071,0.1840885728597641,0.019132614135742188,0.08806456625461578,0.7659416198730469
001049_jpg.rf.e527b2a1edfb88b1fbfb9542d33a9a27.jpg,0,0.556499183177948,0.1665191948413849,0.022004349157214165,0.08383410423994064,0.4234462082386017
001051_jpg.rf.bb8152d7d7c35ed73bfc9239185f9087.jpg,3,0.2528931498527527,0.27282848954200745,0.06291228532791138,0.09515469521284103,0.6139058470726013
001051_jpg.rf.bb8152d7d7c35ed73bfc9239185f9087.jpg,5,0.6905192136764526,0.2641642093658447,0.06525098532438278,0.09649985283613205,0.4919884204864502
001051_jpg.rf.bb8152d7d7c35ed73bfc9239185f9087.jpg,3,0.4691235423088074,0.26767563819885254,0.06539323180913925,0.09988810867071152,0.4316716492176056
001057_jpg.rf.0d8f858b7a9c12830691348e2ae306af.jpg,3,0.4081691801548004,0.28854605555534363,0.5023934245109558,0.2893764078617096,0.9746341705322266
001059_jpg.rf.2b325fd15e28d0c622610dea63c2c12f.jpg,3,0.2559542655944824,0.5843690633773804,0.18636715412139893,0.29020288586616516,0.969654381275177
001066_jpg.rf.c55d7313f5d62858191ae315c7fada73.jpg,1,0.35123729705810547,0.15485449135303497,0.020895885303616524,0.08391505479812622,0.7370451092720032
001066_jpg.rf.c55d7313f5d62858191ae315c7fada73.jpg,1,0.5434316396713257,0.13216783106327057,0.019829824566841125,0.08165526390075684,0.5569865107536316
001066_jpg.rf.c55d7313f5d62858191ae315c7fada73.jpg,1,0.8027132153511047,0.034732673317193985,0.033944498747587204,0.06915291398763657,0.3283821642398834
001068_jpg.rf.371ec28b0d2bbbd16c8a645be41f5a76.jpg,1,0.19936342537403107,0.10917380452156067,0.025907810777425766,0.10854587703943253,0.8033649921417236
001068_jpg.rf.371ec28b0d2bbbd16c8a645be41f5a76.jpg,1,0.552548348903656,0.08847363293170929,0.024588732048869133,0.1004716083407402,0.7499935030937195
001082_jpg.rf.6b7fc1c9648c1a3494a137ffa3664be1.jpg,3,0.741471529006958,0.21349044144153595,0.11722565442323685,0.1617289036512375,0.8068256974220276
001089_jpg.rf.004c591c5855cf05e2198a5e21c8ab56.jpg,3,0.5045844912528992,0.6806147694587708,0.23472514748573303,0.41957294940948486,0.9316665530204773
001097_jpg.rf.76b13f1ce839d7102e9a683f6959a3e6.jpg,3,0.3963950276374817,0.454990029335022,0.6210306882858276,0.7919392585754395,0.9693968892097473
001214_jpg.rf.85dbeddc5609d79293b1f979131a9f35.jpg,4,0.4824259281158447,0.3655014932155609,0.5045452117919922,0.33490943908691406,0.9870235919952393
001223_jpg.rf.cd973e1db0f78ec16c70d7af43fc4511.jpg,4,0.33381521701812744,0.534704327583313,0.29172927141189575,0.3900759816169739,0.987220048904419
001228_jpg.rf.f4f7bc0b74a46e26c75aed78c39b41e5.jpg,4,0.31113773584365845,0.28524550795555115,0.23143209517002106,0.4097593128681183,0.9933996200561523
001229_jpg.rf.3174ec6dbfe9e8ee6ab16906d969ae8d.jpg,4,0.33374783396720886,0.5349569320678711,0.29102951288223267,0.38865795731544495,0.9874260425567627
001247_jpg.rf.986fd924de123c95a8e6bbcc765d4c10.jpg,4,0.2915232181549072,0.4736117720603943,0.502159059047699,0.9245834946632385,0.9693441390991211
001250_jpg.rf.157a04c81cbb47009538b4880d0004c9.jpg,4,0.4922897517681122,0.4585932791233063,0.4283181130886078,0.612227737903595,0.8352653384208679
001256_jpg.rf.204fbb92b5dc59d697bf04b2682485e2.jpg,4,0.5665892362594604,0.3792401850223541,0.2940760552883148,0.38085103034973145,0.9549689888954163
001259_jpg.rf.b55c7e7dacc1e607f8e69b2a5cc36568.jpg,4,0.5350886583328247,0.5186538696289062,0.3278603255748749,0.5014567971229553,0.9888207912445068
001261_jpg.rf.7b5bf5841b26d8966d6081fbc704dbf7.jpg,5,0.46968865394592285,0.2751975953578949,0.12781664729118347,0.0902300626039505,0.49777936935424805
001261_jpg.rf.7b5bf5841b26d8966d6081fbc704dbf7.jpg,8,0.47102978825569153,0.27456650137901306,0.129267618060112,0.09323978424072266,0.2759052515029907
001277_jpg.rf.03beffa81aa901c8462dfe1681a202f4.jpg,4,0.4384501576423645,0.22353436052799225,0.09100341796875,0.12897667288780212,0.4781769812107086
001277_jpg.rf.03beffa81aa901c8462dfe1681a202f4.jpg,5,0.4385211169719696,0.22349999845027924,0.09035580605268478,0.13165782392024994,0.27822020649909973
001281_jpg.rf.b8a22407e4c52a0704d45a8b32965f9b.jpg,4,0.5019631385803223,0.5001241564750671,0.7039037942886353,0.9127541184425354,0.932948648929596
001289_jpg.rf.2b57939adb36b165f0eef0a3de68e1ec.jpg,4,0.5059055089950562,0.43490833044052124,0.39966312050819397,0.25405582785606384,0.8819122314453125
001290_jpg.rf.d3a396f3ea066c80a6e76a48dcf798a2.jpg,4,0.4776356816291809,0.19385072588920593,0.2738387882709503,0.17736783623695374,0.9781282544136047
001291_jpg.rf.c0ea8c600fa9219527f23947a8f0e7ec.jpg,4,0.31099987030029297,0.297654390335083,0.23079359531402588,0.32387691736221313,0.9883960485458374
001295_jpg.rf.449090465a44f9f98a47e1141f3a8f38.jpg,4,0.5351760983467102,0.5186654925346375,0.32803264260292053,0.5028707385063171,0.9890440702438354
001407_jpg.rf.70ca057de423bef18930dd5f47b975d7.jpg,5,0.22178375720977783,0.21102258563041687,0.22302789986133575,0.3375856578350067,0.9561965465545654
001409_jpg.rf.03a314500608050ad90ed1c849fb18db.jpg,8,0.6374632120132446,0.4639482796192169,0.07328210026025772,0.11903161555528641,0.397123247385025
001427_jpg.rf.fe832db13f19311c2eda0b6e83878ec5.jpg,5,0.4952068626880646,0.5016561150550842,0.9431004524230957,0.9416670203208923,0.9740633368492126
001432_jpg.rf.5d8fff00f092a9bcb15a018a3edb186b.jpg,5,0.7214847207069397,0.46979594230651855,0.1306498646736145,0.22137503325939178,0.8858703970909119
001436_jpg.rf.cc8f571352da66682260166ac2086168.jpg,5,0.7007402777671814,0.453478068113327,0.3789059817790985,0.5968125462532043,0.9373487830162048
001449_jpg.rf.4b8f2718b90c8c6cf89ccf753d5b575a.jpg,5,0.8839205503463745,0.23675723373889923,0.23215895891189575,0.3222060203552246,0.9343576431274414
001449_jpg.rf.4b8f2718b90c8c6cf89ccf753d5b575a.jpg,11,0.32784199714660645,0.7090780735015869,0.3588261306285858,0.5510663390159607,0.37331485748291016
001462_jpg.rf.590c8b4c74096f768de4433951995545.jpg,5,0.7360199689865112,0.5006144046783447,0.5236350297927856,0.9983978867530823,0.9631087779998779
001465_jpg.rf.82e271056e453a4f123033b7db486d63.jpg,5,0.273015558719635,0.8008183240890503,0.17115329205989838,0.2813725173473358,0.9497123956680298
001465_jpg.rf.82e271056e453a4f123033b7db486d63.jpg,5,0.8807145357131958,0.6826242804527283,0.22520990669727325,0.29257264733314514,0.9363808631896973
001465_jpg.rf.82e271056e453a4f123033b7db486d63.jpg,5,0.47871723771095276,0.32435938715934753,0.5786925554275513,0.6171101927757263,0.930701494216919
001465_jpg.rf.82e271056e453a4f123033b7db486d63.jpg,5,0.5921400189399719,0.8891261219978333,0.08729333430528641,0.14866800606250763,0.5601844787597656
001465_jpg.rf.82e271056e453a4f123033b7db486d63.jpg,5,0.5227015614509583,0.9234829545021057,0.05046309158205986,0.12735030055046082,0.2627425193786621
001472_jpg.rf.38654b39e5bc13159c16952df2ba2dc0.jpg,5,0.7132178544998169,0.45084941387176514,0.3652169406414032,0.7117899656295776,0.9527422785758972
001477_jpg.rf.170667884b322b9985bcd6a054a0d6be.jpg,5,0.511439323425293,0.4831271767616272,0.48955434560775757,0.8712952136993408,0.9781002998352051
001478_jpg.rf.b4a8c8adb59b1bfeb056f275a7e9c785.jpg,5,0.42852315306663513,0.30312997102737427,0.7146621346473694,0.44930174946784973,0.5339640974998474
001479_jpg.rf.61b4e3eab9b3daa20c770dafec663c97.jpg,5,0.5050620436668396,0.46296584606170654,0.5496280789375305,0.7720456123352051,0.9720688462257385
001482_jpg.rf.c040f508e60b3a870f5f5fc8b9b017d2.jpg,5,0.5143623352050781,0.34328076243400574,0.3132798969745636,0.6110334396362305,0.9714284539222717
001484_jpg.rf.6b44f8da037b210cdbe0663683d7274e.jpg,5,0.23747606575489044,0.45255863666534424,0.39571279287338257,0.7805606722831726,0.9686521291732788
001494_jpg.rf.4db0ef3199baad5258c353573bffed4a.jpg,5,0.6152195334434509,0.2173774689435959,0.5039099454879761,0.3320476710796356,0.9528828859329224
001603_JPG_jpg.rf.d7ff42753708b2cd74195e8e463d3e2c.jpg,1,0.47446945309638977,0.13308891654014587,0.3869127929210663,0.10198230296373367,0.568037211894989
001603_JPG_jpg.rf.d7ff42753708b2cd74195e8e463d3e2c.jpg,0,0.47178295254707336,0.12972603738307953,0.38726067543029785,0.10248985886573792,0.3026977479457855
001606_JPG_jpg.rf.acbfc805c9e8ea9791185014645390c2.jpg,1,0.6776313185691833,0.15351569652557373,0.17449980974197388,0.08387012034654617,0.98780357837677
001606_JPG_jpg.rf.acbfc805c9e8ea9791185014645390c2.jpg,1,0.12033545225858688,0.5070923566818237,0.08254136145114899,0.040162015706300735,0.7588517665863037
001607_JPG_jpg.rf.a6dcbc5ecd7c2ef807a4bce512a054a0.jpg,1,0.3837326765060425,0.14954806864261627,0.09817666560411453,0.058507904410362244,0.9282311797142029
001608_JPG_jpg.rf.7d48153578ad316231c6c992263ac497.jpg,1,0.4554908573627472,0.13593444228172302,0.14234675467014313,0.07380460202693939,0.9746503829956055
001619_JPG_jpg.rf.1640a48f199bbe32ee72dc83a24e1521.jpg,0,0.24852454662322998,0.11268302798271179,0.11113068461418152,0.048560913652181625,0.42922234535217285
001619_JPG_jpg.rf.1640a48f199bbe32ee72dc83a24e1521.jpg,1,0.24752366542816162,0.1138567328453064,0.11425572633743286,0.049128368496894836,0.27889713644981384
001623_JPG_jpg.rf.8777c38ac6d8aebbc4c5524393a8ce83.jpg,1,0.2926485538482666,0.09350817650556564,0.11153224855661392,0.06375418603420258,0.9260657429695129
001624_JPG_jpg.rf.a3a7ed1ca4bdc41789b882fe5d7e3e94.jpg,1,0.5404146909713745,0.14485330879688263,0.11814939230680466,0.057461485266685486,0.8677887916564941
001631_JPG_jpg.rf.18c57a703b3f30d8e2b21868d3657b5d.jpg,1,0.445869117975235,0.07085686177015305,0.17173460125923157,0.07429960370063782,0.9341513514518738
001642_JPG_jpg.rf.1501f63859c8183e7b273ed3f677bb80.jpg,1,0.42024871706962585,0.09889599680900574,0.19308707118034363,0.10693465918302536,0.9784481525421143
001643_JPG_jpg.rf.bb0dd8813a6c24f91a4e04962aaa7f31.jpg,1,0.6231841444969177,0.18363967537879944,0.3349252939224243,0.18634863197803497,0.7069198489189148
001643_JPG_jpg.rf.bb0dd8813a6c24f91a4e04962aaa7f31.jpg,1,0.5291064381599426,0.18038302659988403,0.1340673267841339,0.17230966687202454,0.28415679931640625
001654_JPG_jpg.rf.e26100131533da63b018a72fab6586e3.jpg,1,0.37451404333114624,0.09938528388738632,0.14455905556678772,0.05605059489607811,0.9379368424415588
001656_JPG_jpg.rf.193bed9f1b03b8c4d46254c930216604.jpg,1,0.4862828552722931,0.1739531010389328,0.2570204436779022,0.1329791098833084,0.7925944924354553
001660_JPG_jpg.rf.41a9573c77f81a1dc9e669467db98386.jpg,1,0.33304721117019653,0.08466748148202896,0.14450065791606903,0.08345193415880203,0.9451761841773987
001662_JPG_jpg.rf.97c2b266f1a788361d25be2305f03736.jpg,1,0.353735089302063,0.1845243275165558,0.08844735473394394,0.047712694853544235,0.8405215740203857
001693_JPG_jpg.rf.9c74f3077d05257d04e7a58a48642fe0.jpg,1,0.5278083682060242,0.31627383828163147,0.2121911495923996,0.11807999759912491,0.9885652661323547
001700_JPG_jpg.rf.4f29277e7dfa7365978e572fe9f9eee3.jpg,1,0.5461668968200684,0.10956953465938568,0.19135931134223938,0.052103135734796524,0.8351083397865295
001813_JPG_jpg.rf.2a732d7bc29b893c586a2bebea876f72.jpg,1,0.07459371536970139,0.9358847141265869,0.12570203840732574,0.1165168508887291,0.3459891080856323
001826_JPG_jpg.rf.a805482f1c979ccfd35e378a2d5d78a6.jpg,8,0.1280897855758667,0.10870815068483353,0.12262119352817535,0.20145530998706818,0.9550489783287048
001826_JPG_jpg.rf.a805482f1c979ccfd35e378a2d5d78a6.jpg,0,0.5530521273612976,0.19544973969459534,0.2116461545228958,0.0950542613863945,0.8377533555030823
001830_JPG_jpg.rf.80271bce54a1933c1c80ae661932ee2f.jpg,1,0.44110503792762756,0.12278050929307938,0.09311045706272125,0.04397333785891533,0.787548303604126
001830_JPG_jpg.rf.80271bce54a1933c1c80ae661932ee2f.jpg,1,0.15344099700450897,0.22155919671058655,0.027958760038018227,0.10764500498771667,0.6104221343994141
001833_JPG_jpg.rf.b6092f0bd597484bb9c205017e5c389f.jpg,1,0.5395621657371521,0.2420755922794342,0.24095961451530457,0.09329289942979813,0.9583284258842468
001833_JPG_jpg.rf.b6092f0bd597484bb9c205017e5c389f.jpg,0,0.5391378402709961,0.242098867893219,0.2376827895641327,0.09339915961027145,0.6712349057197571
001857_JPG_jpg.rf.d447fe7f6ff27a88a5e983e0b5f2a821.jpg,0,0.4388415515422821,0.22955094277858734,0.06736161559820175,0.03167354315519333,0.4807685911655426
001860_JPG_jpg.rf.6e8d22dbd246ecfaf521fbb30ff5e2fe.jpg,0,0.5268815755844116,0.262704998254776,0.15204767882823944,0.08829469233751297,0.7024567127227783
001918_jpg.rf.cf4263574ace70aef2c9045b9cde5a85.jpg,5,0.5100030303001404,0.7473629117012024,0.2381364405155182,0.30184292793273926,0.4117175340652466
001918_jpg.rf.cf4263574ace70aef2c9045b9cde5a85.jpg,6,0.5087445378303528,0.7451860308647156,0.239963099360466,0.30235588550567627,0.30195891857147217
001982_jpg.rf.6d24adf886f0c39c03910738d4ecc170.jpg,1,0.75443434715271,0.22500304877758026,0.06248180940747261,0.14062027633190155,0.8201079368591309
002188_jpg.rf.0c0627398b64450d4f392c77290207fe.jpg,11,0.38796690106391907,0.377676397562027,0.13144171237945557,0.2401328682899475,0.48799654841423035
002188_jpg.rf.0c0627398b64450d4f392c77290207fe.jpg,1,0.7200726866722107,0.32981038093566895,0.32597532868385315,0.14720675349235535,0.44158363342285156
0023f366-a173-4ba7-952c-63f5698c022d_jpg.rf.9edd5a29eae0884e275e51ee445d1a10.jpg,1,0.5600917935371399,0.5127285718917847,0.6812301278114319,0.8661532998085022,0.8993955850601196
0230d0a6-0eac-4bf1-bc0c-560f18ad7415_jpg.rf.48f1963e9fbe5a6b0179b33762a2eb65.jpg,1,0.5876206755638123,0.5055817365646362,0.6269647479057312,0.8440538644790649,0.9116339683532715
0313fdea-c8b1-458b-adac-adcb4aac3622_jpg.rf.78780f33ec642080187f26937e8005be.jpg,1,0.5662168860435486,0.5266806483268738,0.6680769920349121,0.8237138986587524,0.9072467684745789
0590a57d-491c-4322-b287-594d5511e79b_jpg.rf.654f0a4f98fad473e55cc437d1c9d902.jpg,0,0.4888560175895691,0.5417301058769226,0.5849855542182922,0.7867377400398254,0.9131230115890503
0629fae7-2357-4fa2-a599-750358cf7e2e_jpg.rf.363911291d5f6f7fe0e031331fd7e4e9.jpg,0,0.49620938301086426,0.527329683303833,0.7268233895301819,0.7851994037628174,0.5706462264060974
0629fae7-2357-4fa2-a599-750358cf7e2e_jpg.rf.363911291d5f6f7fe0e031331fd7e4e9.jpg,1,0.49404945969581604,0.5257472395896912,0.7161617279052734,0.7941541075706482,0.294404536485672
080e28db-6b07-4f03-a3c3-0803f43cc2ea_jpg.rf.8db090c85fe85dbff2c2f30a30efb0e1.jpg,1,0.5471717715263367,0.48076051473617554,0.4751025140285492,0.7913233041763306,0.7777449488639832
0866866d-298d-4bff-afa0-6456ad7fd807_jpg.rf.3bcf97c79a92aac15ad03419bbadf199.jpg,1,0.42499807476997375,0.479983925819397,0.5924418568611145,0.8920175433158875,0.8849449157714844
08724eba-901b-4e19-883d-1cc236532391_jpg.rf.58818e500202bb38a13268b4cd2c4f4a.jpg,0,0.566582977771759,0.5392886996269226,0.49972257018089294,0.768231213092804,0.9540769457817078
09282467-3e63-4506-9252-a0fd5b913deb_jpg.rf.7c3a79616a712d7b1f231bc9108d8db7.jpg,0,0.5573701858520508,0.485040545463562,0.7100872993469238,0.7990880012512207,0.9757640957832336
098904b8-c355-46e6-b644-52387480db96_jpg.rf.ed1b718605fa48e5c0cfbc438da6d050.jpg,0,0.5239455103874207,0.5223013162612915,0.6083734631538391,0.8929547071456909,0.5219106674194336
10a18f3d-79d7-447f-ab9e-6de78b09477f_jpg.rf.8ce6805731f28537f453028a8d5a4885.jpg,1,0.5487815141677856,0.4746873676776886,0.8668415546417236,0.8707700967788696,0.9217728972434998
1141c383-3413-40a0-a550-7253129d4a4a_jpg.rf.5d2d3eba0b2dbca166bc5c51fe7e607d.jpg,0,0.5806452631950378,0.5055696368217468,0.628445565700531,0.8514806032180786,0.982589840888977
182a7c98-60cb-46a4-a89b-ad3500515c3a_jpg.rf.2a5a1477064c1cd7dbe34e2e9a982a9e.jpg,0,0.504376232624054,0.48957452178001404,0.8154868483543396,0.9343762397766113,0.9895239472389221
2257b962-595c-43ae-8f0d-575f1b55beb8_jpg.rf.d8ba84a72e00584f12f54d3cf03c8dc0.jpg,0,0.5404624938964844,0.48746711015701294,0.4968239963054657,0.8179627060890198,0.930270254611969
24085f02-5dde-4b59-ad8e-887935bd08e1_jpg.rf.d216c61af0d1adf927b98f242a4fe85f.jpg,0,0.4441503584384918,0.48557284474372864,0.6969142556190491,0.9324758052825928,0.9742884635925293
27beeb65-e6ea-4c4a-9dea-597500f26e7f_jpg.rf.29ca4c588d77178889b70d59993eb0ff.jpg,0,0.5449793338775635,0.47431397438049316,0.7106873989105225,0.8613714575767517,0.9845476746559143
643854b9-b9d9-4b74-99fb-830fde4a0b74_jpg.rf.4d252deec56db095b1acab7c1c0f1bdc.jpg,1,0.5313073992729187,0.5040546655654907,0.6786462664604187,0.8302795886993408,0.8599042892456055
b413caec-028d-48e6-922b-fc63db1b7ebb_jpg.rf.259a6b31980f35168c8ec00a5e80c263.jpg,0,0.515810489654541,0.4760451912879944,0.6376268267631531,0.8491795063018799,0.9702136516571045
FisheyeCamera_1_00000_png.rf.51e7c2d131818f5ac51613cb3d152380.jpg,14,0.6044134497642517,0.5429973602294922,0.022411054000258446,0.03043879196047783,0.25568434596061707
FisheyeCamera_1_00005_png.rf.2c3a5ef517c817ce7872439ac76a7c08.jpg,14,0.643903911113739,0.5389652252197266,0.03099324181675911,0.039997100830078125,0.7850872874259949
FisheyeCamera_1_00027_png.rf.dfb965799faeb1514f927e69c5ec0fd2.jpg,9,0.2358211874961853,0.5072798132896423,0.02670273557305336,0.048015229403972626,0.2527192533016205
FisheyeCamera_1_00097_png.rf.fb72097a4038b905024bea71b14c1434.jpg,1,0.43115007877349854,0.47669699788093567,0.011689700186252594,0.011238612234592438,0.3932771682739258
FisheyeCamera_1_00195_png.rf.c958e21bb68e76adac7817623d7c1f75.jpg,0,0.463306725025177,0.3820529580116272,0.020274676382541656,0.016084451228380203,0.2967384159564972
FisheyeCamera_1_00202_png.rf.ee30ccd577d5cfc9c2f6c16edaeacdf2.jpg,0,0.5097907185554504,0.30401623249053955,0.03651164099574089,0.021282417699694633,0.7692812085151672
FisheyeCamera_1_00202_png.rf.ee30ccd577d5cfc9c2f6c16edaeacdf2.jpg,0,0.637802004814148,0.3289501667022705,0.02788309007883072,0.018258756026625633,0.5778564214706421
FisheyeCamera_1_00204_png.rf.19edfa32d48b66e0365f54c7325dcbd4.jpg,0,0.5285136699676514,0.26623421907424927,0.03718347102403641,0.023855209350585938,0.745521068572998
FisheyeCamera_1_00204_png.rf.19edfa32d48b66e0365f54c7325dcbd4.jpg,0,0.6707308888435364,0.29814982414245605,0.031049583107233047,0.020562870427966118,0.6324723958969116
FisheyeCamera_1_00211_png.rf.4d937346689834589353be2d154dc924.jpg,0,0.575348973274231,0.0848158746957779,0.05638342723250389,0.03928966075181961,0.6229504942893982
FisheyeCamera_1_00211_png.rf.4d937346689834589353be2d154dc924.jpg,1,0.5905256271362305,0.47295081615448,0.014019819907844067,0.009704296477138996,0.4413110911846161
FisheyeCamera_1_00211_png.rf.4d937346689834589353be2d154dc924.jpg,1,0.5174369215965271,0.470878541469574,0.015849480405449867,0.009270741604268551,0.33710572123527527
FisheyeCamera_1_00230_png.rf.0abfb32b639a38aefee3263df7d3733e.jpg,1,0.5540214776992798,0.4394783079624176,0.038760554045438766,0.02448742277920246,0.568882942199707
FisheyeCamera_1_00230_png.rf.0abfb32b639a38aefee3263df7d3733e.jpg,1,0.7194892168045044,0.4537631571292877,0.030607957392930984,0.016892947256565094,0.31831151247024536
FisheyeCamera_1_00230_png.rf.de641278e85b0675e5c4ec40b2fdf74f.jpg,1,0.4342358708381653,0.3761226236820221,0.019339635968208313,0.011600861325860023,0.6200183033943176
FisheyeCamera_1_00230_png.rf.de641278e85b0675e5c4ec40b2fdf74f.jpg,1,0.33949553966522217,0.3852330148220062,0.014888176694512367,0.02120487578213215,0.44078919291496277
FisheyeCamera_1_00230_png.rf.de641278e85b0675e5c4ec40b2fdf74f.jpg,10,0.3108353018760681,0.5246181488037109,0.019621042534708977,0.034394413232803345,0.42423656582832336
FisheyeCamera_1_00239_png.rf.d6a3e883bbb92412f2642432771f2d09.jpg,0,0.5618123412132263,0.5025560855865479,0.014016078785061836,0.015395678579807281,0.5048292875289917
FisheyeCamera_1_00239_png.rf.d6a3e883bbb92412f2642432771f2d09.jpg,1,0.46275660395622253,0.25354745984077454,0.03401917964220047,0.021477773785591125,0.4232370853424072
FisheyeCamera_1_00282_png.rf.8432bcb7705139cd0bcd1421987aaff7.jpg,0,0.5994507074356079,0.5262992978096008,0.012666336260735989,0.020074257627129555,0.4857378900051117
FisheyeCamera_1_00283_png.rf.e88cf39eb00a52dfcceb2fcfddf89260.jpg,0,0.6003223657608032,0.5259301066398621,0.010952362790703773,0.023617379367351532,0.6150987148284912
FisheyeCamera_1_00283_png.rf.e88cf39eb00a52dfcceb2fcfddf89260.jpg,9,0.8307459950447083,0.5197845101356506,0.014282520860433578,0.021144134923815727,0.2749578058719635
FisheyeCamera_1_00285_png.rf.cbc33d5d21aad4b5d0d195479cb4f9ef.jpg,0,0.6011379957199097,0.5224020481109619,0.009575771167874336,0.023612096905708313,0.3983006179332733
FisheyeCamera_1_00298_png.rf.a4bc4257abfe5a5f97a7ab4671d5a682.jpg,0,0.6273500323295593,0.5076407194137573,0.01340998150408268,0.03432002663612366,0.5897465944290161
FisheyeCamera_1_00298_png.rf.a4bc4257abfe5a5f97a7ab4671d5a682.jpg,1,0.431599497795105,0.5329078435897827,0.007244403939694166,0.013800034299492836,0.3938443660736084
FisheyeCamera_1_00302_png.rf.89395bab7d8fb4a6da3324a58b3497cd.jpg,0,0.6501001715660095,0.4968063235282898,0.015955999493598938,0.036916881799697876,0.6898084282875061
FisheyeCamera_1_00302_png.rf.89395bab7d8fb4a6da3324a58b3497cd.jpg,1,0.42038455605506897,0.5299819111824036,0.013851312920451164,0.016524314880371094,0.2526731491088867
FisheyeCamera_1_00314_png.rf.f10aa9e570183b2892515007c415b9cf.jpg,1,0.4287817180156708,0.5222948789596558,0.010140566155314445,0.022163979709148407,0.4072831869125366
FisheyeCamera_1_00315_png.rf.14c625eca5ff0f371a2459cb470b6dd5.jpg,1,0.43248215317726135,0.5217936635017395,0.01028192974627018,0.021343598142266273,0.3683431148529053
FisheyeCamera_1_00351_png.rf.0c9f77a62c69eb9b4b91da5b1454eda5.jpg,13,0.2157842516899109,0.5309180021286011,0.010893234983086586,0.010904899798333645,0.2773907780647278
FisheyeCamera_1_00364_png.rf.a9a2ae260182758dd32759d27a3f08ae.jpg,13,0.18580543994903564,0.5256119966506958,0.010311457328498363,0.013663512654602528,0.6189332008361816
FisheyeCamera_1_00471_png.rf.eb0a04fb4ec3ae41bf4b96e27bd5d26d.jpg,0,0.34073150157928467,0.4580219089984894,0.027433836832642555,0.08120331913232803,0.9045543074607849
FisheyeCamera_1_00471_png.rf.eb0a04fb4ec3ae41bf4b96e27bd5d26d.jpg,0,0.5196024775505066,0.45785239338874817,0.031078927218914032,0.09003785997629166,0.7595542073249817
FisheyeCamera_1_00476_png.rf.9039468fbc1dab58476b697e479807f8.jpg,0,0.5314931869506836,0.3894112706184387,0.06004010885953903,0.14892974495887756,0.7868065237998962
FisheyeCamera_1_00476_png.rf.9039468fbc1dab58476b697e479807f8.jpg,0,0.24913960695266724,0.4011037051677704,0.03472108393907547,0.12412805110216141,0.7504370212554932
FisheyeCamera_1_00479_png.rf.f7e77b725ba1e70b5dc8b0697e0b1f92.jpg,0,0.5034712553024292,0.4167567193508148,0.017485693097114563,0.011866643093526363,0.3670974373817444
FisheyeCamera_1_00479_png.rf.f7e77b725ba1e70b5dc8b0697e0b1f92.jpg,1,0.7347604632377625,0.4014013409614563,0.042781244963407516,0.022225894033908844,0.32669439911842346
FisheyeCamera_1_00480_png.rf.ff94615495e0c4eb7cd3a1cfce3cf2cd.jpg,0,0.5049017667770386,0.41383811831474304,0.016249364241957664,0.011704518459737301,0.5029482245445251
FisheyeCamera_1_00509_png.rf.a4fdcf5053bc422a3b30b4cef69e5ea6.jpg,1,0.5097793340682983,0.31897449493408203,0.02761591412127018,0.0157932136207819,0.5892388820648193
FisheyeCamera_1_00604_png.rf.fd483074d74e8bee0d71bb87e77ab3ef.jpg,1,0.6062471866607666,0.469720721244812,0.013802088797092438,0.005937136244028807,0.38314399123191833
FisheyeCamera_1_00631_png.rf.ef7fde7123c71d075628496a468eb1df.jpg,1,0.5124832987785339,0.347109854221344,0.02433043345808983,0.018039116635918617,0.2909417152404785
FisheyeCamera_1_01013_png.rf.9464970b75fa02363baae3c682e99f39.jpg,0,0.5682796835899353,0.5078523755073547,0.010929401963949203,0.008081509731709957,0.42868784070014954
FisheyeCamera_1_01026_png.rf.dfb591570ded3c052e6641cb4f2d80c1.jpg,0,0.3997171223163605,0.4925730526447296,0.016971735283732414,0.010284423828125,0.3498081564903259
FisheyeCamera_1_01037_png.rf.870a2a09f0f8cb2a0b5f4a4a3b3ccadc.jpg,0,0.3103332221508026,0.46490904688835144,0.01681232452392578,0.015161661431193352,0.5173875093460083
FisheyeCamera_1_01037_png.rf.870a2a09f0f8cb2a0b5f4a4a3b3ccadc.jpg,0,0.3694301247596741,0.47016674280166626,0.01638771966099739,0.010418085381388664,0.40479737520217896
FisheyeCamera_1_01082_png.rf.da2e5bebfb023e66aacd368902a130ef.jpg,1,0.8008524179458618,0.5029098987579346,0.010221041738986969,0.02593422122299671,0.4763515591621399
FisheyeCamera_1_01086_png.rf.dd1b44b6d6e2e2da3f3f6ab8f823bc01.jpg,1,0.7798885703086853,0.5044748187065125,0.01075612660497427,0.029418213292956352,0.44333961606025696
FisheyeCamera_1_01090_png.rf.663e34306a969d1e2d3f1ca290e1ddd7.jpg,1,0.7539665699005127,0.5035802721977234,0.012373704463243484,0.034246739000082016,0.7394828796386719
FisheyeCamera_1_01098_png.rf.e141b30ac0a11cc0c857435f655656fc.jpg,1,0.8095546960830688,0.48295271396636963,0.01617666520178318,0.041911493986845016,0.7205543518066406
FisheyeCamera_1_01099_png.rf.d3e2606bc19452ecaec7548723f05a0b.jpg,1,0.8187119960784912,0.47864997386932373,0.014409579336643219,0.04240703582763672,0.6711614727973938
FisheyeCamera_1_01104_png.rf.1c0a4fa66929930288c5ff6e293ca501.jpg,1,0.8606324195861816,0.4590817391872406,0.017022794112563133,0.05293765664100647,0.6466759443283081
road104_png.rf.4468adcd7c2dcfc04377146de785c0a6.jpg,11,0.48864781856536865,0.493489533662796,0.724094033241272,0.8850725293159485,0.9497405290603638
road109_png.rf.c7fd39b9ac59c325ec73dc6b5ece99fd.jpg,7,0.6478261351585388,0.5131623148918152,0.08159476518630981,0.11553948372602463,0.46026426553726196
road112_png.rf.b765c2b5d3a2145d317b0ceadfb08464.jpg,5,0.5127625465393066,0.3086945712566376,0.3175797164440155,0.4972176253795624,0.9515285491943359
road11_png.rf.40b76142a629faa238c042bcb209cc27.jpg,0,0.4936646819114685,0.38409242033958435,0.04948117211461067,0.11264390498399734,0.5819823145866394
road11_png.rf.40b76142a629faa238c042bcb209cc27.jpg,0,0.8110753893852234,0.6231619119644165,0.03603333979845047,0.09650979191064835,0.4428228735923767
road157_png.rf.e48c88408b366592b950018ee5d6426d.jpg,8,0.7255242466926575,0.20784960687160492,0.11670348048210144,0.08967946469783783,0.6124785542488098
road16_png.rf.9aba07c7ac70aab405028e7e8a750fb7.jpg,1,0.5849261283874512,0.2577454447746277,0.039257049560546875,0.15491369366645813,0.9438876509666443
road196_png.rf.6aa5da1b76ad6487d317d27963cc00d1.jpg,8,0.5614796876907349,0.3218083083629608,0.22686578333377838,0.16631315648555756,0.9618056416511536
road19_png.rf.05e1657af2361aab3c4d5deb43b29087.jpg,1,0.4107153117656708,0.3272319436073303,0.0755632147192955,0.1408699005842209,0.8517391681671143
road243_png.rf.555053220adbac3849def1e4105008fd.jpg,3,0.5265342593193054,0.6099364161491394,0.04309361055493355,0.035955797880887985,0.3532410264015198
road243_png.rf.555053220adbac3849def1e4105008fd.jpg,3,0.4825759530067444,0.6108269095420837,0.041738953441381454,0.035299889743328094,0.31075340509414673
road254_png.rf.5ed92d428851755882973a8e28944076.jpg,8,0.44145065546035767,0.24230441451072693,0.1536489725112915,0.11625268310308456,0.9730422496795654
road260_png.rf.47ad1e33078da07b4bf3b0e5712c926d.jpg,8,0.5421644449234009,0.4105498790740967,0.22194965183734894,0.18445470929145813,0.9349126815795898
road277_png.rf.3f53c2534447d823337f731b63c65c75.jpg,8,0.658530056476593,0.3272283673286438,0.19189351797103882,0.14408016204833984,0.9667586088180542
road286_png.rf.702db0cc9906e626d838a77a4e79244d.jpg,8,0.4791310429573059,0.4233003258705139,0.22606725990772247,0.17546287178993225,0.965129554271698
road288_png.rf.db64fffa70c02e58aabcbb10e3a19798.jpg,8,0.39664512872695923,0.47146710753440857,0.11665447056293488,0.09054345637559891,0.8267133235931396
road289_png.rf.ba6012fe8a27d9f53d8d66bb29db5ad8.jpg,14,0.34536606073379517,0.4571380913257599,0.2792961597442627,0.21781599521636963,0.9307063221931458
road289_png.rf.ba6012fe8a27d9f53d8d66bb29db5ad8.jpg,0,0.9253773093223572,0.9025854468345642,0.149245485663414,0.1923939734697342,0.6105852127075195
road28_png.rf.d0de3563c76ae8b60ecdaf41757d472b.jpg,1,0.702892541885376,0.32552528381347656,0.04750882834196091,0.14379405975341797,0.6609605550765991
road314_png.rf.697a2d138347ee6ee2da288b2ffe8e9d.jpg,8,0.472875714302063,0.49058467149734497,0.17878341674804688,0.1477067768573761,0.917446494102478
road314_png.rf.697a2d138347ee6ee2da288b2ffe8e9d.jpg,8,0.17321434617042542,0.7132432460784912,0.08664208650588989,0.06501300632953644,0.37327009439468384
road320_png.rf.65f55afb9e0eb549cb01be72786c8b42.jpg,8,0.6092749834060669,0.5984939932823181,0.16279162466526031,0.12132945656776428,0.9773095846176147
road321_png.rf.f9c13308da074b8ee78f43f6c7ea54f3.jpg,8,0.5176776647567749,0.4811367392539978,0.1379643976688385,0.11109448224306107,0.9553346037864685
road322_png.rf.6028574359019d435c66689704d0418f.jpg,8,0.42695891857147217,0.44963082671165466,0.1583426594734192,0.15951816737651825,0.7576150894165039
road323_png.rf.b843dd95b3d22917710ac75cca4a57b0.jpg,14,0.5661360621452332,0.41343361139297485,0.2520137429237366,0.18434055149555206,0.842130720615387
road339_png.rf.a176f5700f7182473dd4c3a268ebcbbd.jpg,14,0.49796950817108154,0.26244181394577026,0.37502217292785645,0.2924360930919647,0.9456442594528198
road351_png.rf.917ea4e951348855c275b66bb4d890ad.jpg,8,0.5098899006843567,0.38457340002059937,0.2570560872554779,0.19589725136756897,0.9324505925178528
road353_png.rf.deb497f4908212e3409c887fbb0544df.jpg,8,0.44528213143348694,0.49644020199775696,0.20149804651737213,0.14951853454113007,0.9425657391548157
road355_png.rf.c43f3ac674a10af91051d8cb228747ad.jpg,8,0.41669729351997375,0.37329521775245667,0.1826343536376953,0.13994239270687103,0.9468059539794922
road362_png.rf.765355e68b8097399c60024a6f28840c.jpg,8,0.3950169086456299,0.49603506922721863,0.22591452300548553,0.1742304414510727,0.9355473518371582
road367_png.rf.68facda4326805592fce6d2bfb2dba6c.jpg,8,0.4379654824733734,0.4284762740135193,0.12672263383865356,0.09899403899908066,0.7146062850952148
road388_png.rf.cc49d1d1343172eaa95da35bf070a7d3.jpg,12,0.5386186242103577,0.38386133313179016,0.11322682350873947,0.08239804953336716,0.6789879202842712
road388_png.rf.cc49d1d1343172eaa95da35bf070a7d3.jpg,13,0.5385947227478027,0.38330909609794617,0.11227050423622131,0.0842147246003151,0.39972949028015137
road393_png.rf.4fe43a89433923b9841d1435d98c4aae.jpg,3,0.5456252694129944,0.6774742603302002,0.11307290941476822,0.08470623940229416,0.9116964340209961
road397_png.rf.64b46468e2e241a3cb5dbce555894da3.jpg,3,0.58416348695755,0.2546200454235077,0.30654916167259216,0.22774337232112885,0.969885528087616
road400_png.rf.03186a0125d7e8f9ccbad9322201c91a.jpg,3,0.6322566866874695,0.5592039227485657,0.15441206097602844,0.11608226597309113,0.9459892511367798
road402_png.rf.8b57601c39d08578c3fba71d26f6dd1a.jpg,3,0.4214840233325958,0.6591845750808716,0.11443036049604416,0.0903666615486145,0.42671579122543335
road412_png.rf.f3dc3c3dcb2d0a679c190b33c3a3178b.jpg,3,0.5802371501922607,0.5118353366851807,0.08249524980783463,0.06612382084131241,0.8684544563293457
road420_png.rf.4db7dbd13a7b9c37ddddb7df9adf0834.jpg,13,0.5351794958114624,0.6140586137771606,0.2071845829486847,0.15710178017616272,0.9384926557540894
road421_png.rf.cd6d5f5724ac207f49f64d2ecc32f9f6.jpg,13,0.5217195153236389,0.4996047616004944,0.26404380798339844,0.2010423243045807,0.9456730484962463
road422_png.rf.9b9d58bbb154a5b030ff2addac608ef8.jpg,5,0.3571711778640747,0.5349793434143066,0.05698035657405853,0.04461963474750519,0.604190468788147
road422_png.rf.9b9d58bbb154a5b030ff2addac608ef8.jpg,12,0.35732147097587585,0.5366846919059753,0.059055112302303314,0.04630088806152344,0.35024818778038025
road431_png.rf.4cf451707a1af9d139094513881b7654.jpg,13,0.1817653775215149,0.60282963514328,0.1877429336309433,0.14374740421772003,0.7800951600074768
road439_png.rf.3a8f1ca30bf60d80f05733e8d83212d9.jpg,13,0.25905805826187134,0.7910295128822327,0.16961847245693207,0.1277599334716797,0.7844711542129517
road43_png.rf.c576096fc5f0b00379321f94ddffcbc6.jpg,0,0.24343231320381165,0.38423362374305725,0.038890767842531204,0.11643344163894653,0.8260026574134827
road43_png.rf.c576096fc5f0b00379321f94ddffcbc6.jpg,0,0.4581156075000763,0.363071084022522,0.03716087341308594,0.11244334280490875,0.7923106551170349
road43_png.rf.c576096fc5f0b00379321f94ddffcbc6.jpg,0,0.04656822234392166,0.4062974750995636,0.032987263053655624,0.11174525320529938,0.7871662378311157
road43_png.rf.c576096fc5f0b00379321f94ddffcbc6.jpg,0,0.6760192513465881,0.5274008512496948,0.026923401281237602,0.08136514574289322,0.6611096858978271
road43_png.rf.c576096fc5f0b00379321f94ddffcbc6.jpg,0,0.8360434770584106,0.5278266072273254,0.032879170030355453,0.08345486968755722,0.2860194444656372
road446_png.rf.f38afaa2d572c8426b05a88bdb4a5d3d.jpg,13,0.5261235237121582,0.36371126770973206,0.223448246717453,0.16885390877723694,0.9241339564323425
road450_png.rf.4066ba8e8ac659692b69cbcf144c575f.jpg,10,0.4779207110404968,0.44476616382598877,0.14667922258377075,0.11854282021522522,0.8730957508087158
road450_png.rf.4066ba8e8ac659692b69cbcf144c575f.jpg,12,0.47850093245506287,0.44242867827415466,0.14579208195209503,0.116453617811203,0.3779365122318268
road453_png.rf.2ac6332c02e34b01f38bd0daf2dee199.jpg,10,0.4474690556526184,0.4771135151386261,0.2795005440711975,0.22414259612560272,0.936809778213501
road459_png.rf.90e8843192d53e6f83e48ef5a09736a3.jpg,12,0.48327600955963135,0.4408983290195465,0.21433889865875244,0.16861960291862488,0.9834808707237244
road459_png.rf.90e8843192d53e6f83e48ef5a09736a3.jpg,1,0.41539013385772705,0.8788463473320007,0.1255340576171875,0.2423073798418045,0.9449477195739746
road45_png.rf.de2883de8bdeb35347f7dfbd23b1916c.jpg,0,0.6575040221214294,0.14837141335010529,0.03372398018836975,0.11050219088792801,0.7730947732925415
road466_png.rf.d57ae6325b53f1b11ebb16fbfefd48e0.jpg,12,0.3639257550239563,0.24917249381542206,0.28006798028945923,0.20424172282218933,0.951592743396759
road466_png.rf.d57ae6325b53f1b11ebb16fbfefd48e0.jpg,0,0.32237860560417175,0.8035626411437988,0.1734498143196106,0.3715609312057495,0.8521968126296997
road470_png.rf.7670afafae0b681bed4d7bd1ce2f1775.jpg,12,0.3239070475101471,0.5426720976829529,0.18791331350803375,0.14667555689811707,0.924350380897522
road485_png.rf.27b8f614cd9acbfc022c4c40b8707cbf.jpg,12,0.3825063109397888,0.4710237383842468,0.4242754876613617,0.3171488046646118,0.8993407487869263
road487_png.rf.dc7045b0bb497d4a44959dc9f8466232.jpg,12,0.5751828551292419,0.4266369342803955,0.109255351126194,0.08395928889513016,0.3802133798599243
road488_png.rf.d96ab5854f2c6a2137b4005752cadeec.jpg,12,0.6719434857368469,0.3595580458641052,0.1280849277973175,0.10179021209478378,0.4625290036201477
road490_png.rf.464f4426af72921b633d86c047b4eb7a.jpg,12,0.5302008390426636,0.36970987915992737,0.16168330609798431,0.1262149065732956,0.5784804821014404
road491_png.rf.878b3a369b2f57b3edeb679ff3e03c23.jpg,12,0.5728942155838013,0.4026254415512085,0.19495004415512085,0.15262538194656372,0.9704892039299011
road506_png.rf.7a13ac3369dd9c4a13997267c82b32a6.jpg,12,0.31032460927963257,0.6736804246902466,0.2351919561624527,0.18338511884212494,0.9829564094543457
road519_png.rf.aa9e93bebe13bca1fd49aa4b08f47354.jpg,5,0.5810802578926086,0.470106303691864,0.09372197836637497,0.07341428846120834,0.5270473957061768
road519_png.rf.aa9e93bebe13bca1fd49aa4b08f47354.jpg,12,0.5808200240135193,0.47091060876846313,0.09099645167589188,0.07139888405799866,0.3462897539138794
road520_png.rf.937374420bcb13bddc7b27ad6128d860.jpg,12,0.6361798048019409,0.40783950686454773,0.15440736711025238,0.12045039236545563,0.9148977994918823
road554_png.rf.534262cf45c8f7f6ad9e709bfa74bd81.jpg,8,0.3815257251262665,0.7107453346252441,0.17650045454502106,0.13793417811393738,0.9769130945205688
road573_png.rf.692497fab5c04bfffa1d5f4b2b285213.jpg,8,0.37583863735198975,0.6561107635498047,0.30593204498291016,0.2349311113357544,0.9527086019515991
road574_png.rf.e9300ee48cadd50aff3821e5d303d293.jpg,8,0.4913365840911865,0.6623401641845703,0.3944983184337616,0.30025097727775574,0.9782417416572571
road576_png.rf.f46db39f9f64118df1377c6196897c25.jpg,8,0.2554098963737488,0.3331834375858307,0.12369956076145172,0.0929565280675888,0.9200289845466614
road582_png.rf.930fbae49546d10b46e1f533c4e0a291.jpg,1,0.6490654945373535,0.5779204964637756,0.07741983234882355,0.19344477355480194,0.3741265833377838
road582_png.rf.930fbae49546d10b46e1f533c4e0a291.jpg,1,0.650939404964447,0.6214230060577393,0.06090428680181503,0.1103321984410286,0.373138964176178
road585_png.rf.9f55a59547b49a85d4b9012e0f24859c.jpg,12,0.49965324997901917,0.3180210292339325,0.1355021595954895,0.10481152683496475,0.8532862067222595
road587_png.rf.a53ec0d32057731c117123acb2f3b4e1.jpg,12,0.4525778293609619,0.5173373222351074,0.07262860983610153,0.055485066026449203,0.4582904577255249
road596_png.rf.11f43967e3d8f54a7c94b5810f527f23.jpg,12,0.50513756275177,0.3890265226364136,0.1116805449128151,0.08714045584201813,0.4823329448699951
road59_png.rf.f43173a745a9712aebbbc8f919e0fff6.jpg,14,0.6975882649421692,0.4998948872089386,0.4812731146812439,0.6258394122123718,0.9654090404510498
road604_png.rf.78092f95d0c775d7e2b266dee85e6c5d.jpg,12,0.33110788464546204,0.2935301959514618,0.15467612445354462,0.12093797326087952,0.6982108950614929
road613_png.rf.560c13a685d02ca31a65b6b2b172772a.jpg,8,0.560326874256134,0.5157358050346375,0.08979064226150513,0.07006675004959106,0.2764478325843811
road619_png.rf.afe775af026ad763791eed33be445f64.jpg,8,0.5273239016532898,0.4361736476421356,0.17158178985118866,0.13518378138542175,0.9239926934242249
road629_png.rf.79a049eae4f765c580544c533220d5f5.jpg,9,0.6636565327644348,0.37657472491264343,0.3360000550746918,0.2588347792625427,0.9568846821784973
road62_png.rf.b3288434b3cf3e2b6d2f057c1f5a0502.jpg,14,0.6411774158477783,0.39790016412734985,0.3189292550086975,0.22791995108127594,0.9518082737922668
road633_png.rf.282d128c502ba602126742a5064cd054.jpg,14,0.3927474915981293,0.3153882920742035,0.12963251769542694,0.10108669102191925,0.9788944721221924
road639_png.rf.74306332af06fee257b44f5dd9ae02fb.jpg,11,0.5372048616409302,0.6267359256744385,0.13939432799816132,0.10944190621376038,0.8479568958282471
road639_png.rf.74306332af06fee257b44f5dd9ae02fb.jpg,8,0.07453189045190811,0.7762755155563354,0.06335503607988358,0.049048058688640594,0.679928183555603
road639_png.rf.74306332af06fee257b44f5dd9ae02fb.jpg,5,0.5370094776153564,0.6279953122138977,0.13828608393669128,0.10871069878339767,0.6599224209785461
road640_png.rf.d095777d03f03f86a0b6b1f5b32dfdd5.jpg,11,0.7822443246841431,0.31947585940361023,0.1570252627134323,0.11759494245052338,0.787766695022583
road640_png.rf.d095777d03f03f86a0b6b1f5b32dfdd5.jpg,8,0.24069441854953766,0.48758843541145325,0.0668952688574791,0.04950354993343353,0.684532880783081
road64_png.rf.bf315b45291d211d2e01926d50ddfddf.jpg,14,0.5455952286720276,0.47898322343826294,0.7927530407905579,0.8915315866470337,0.9632512927055359
road650_png.rf.b4086d2eec2b5bfe4465ae484a3b762f.jpg,9,0.48230084776878357,0.31772783398628235,0.11815966665744781,0.09375514090061188,0.4306381046772003
road652_png.rf.e82e3cfaed8d2378962fd6c1380f5d02.jpg,8,0.4814009368419647,0.45560914278030396,0.06268090754747391,0.04792771115899086,0.7209423184394836
road653_png.rf.a69e562a3dab509d536c1f6d7689c4de.jpg,8,0.5713321566581726,0.5726388096809387,0.07212947309017181,0.05945389345288277,0.7164255380630493
road654_png.rf.dccac1ff09c216df1ecd3c90e1d3923b.jpg,8,0.4244718849658966,0.49967142939567566,0.08390045166015625,0.06283452361822128,0.8633385896682739
road654_png.rf.dccac1ff09c216df1ecd3c90e1d3923b.jpg,8,0.1367371380329132,0.5232521891593933,0.05803966894745827,0.04372846335172653,0.3071473240852356
road655_png.rf.ff15054285f0f0f70cd01a48ab24b450.jpg,8,0.6455866694450378,0.5261706113815308,0.089919313788414,0.07303531467914581,0.8303202390670776
road655_png.rf.ff15054285f0f0f70cd01a48ab24b450.jpg,10,0.2960037887096405,0.5626806616783142,0.0673566609621048,0.05144963040947914,0.3276004493236542
road655_png.rf.ff15054285f0f0f70cd01a48ab24b450.jpg,8,0.29559051990509033,0.5641850829124451,0.06565673649311066,0.046970516443252563,0.2761320471763611
road65_png.rf.35a17912d8a5df128c238eff97db75eb.jpg,14,0.5194680094718933,0.4564971625804901,0.4620446562767029,0.3055644631385803,0.9728473424911499
road661_png.rf.9b3a953ded6512ace828850f97be4472.jpg,8,0.5134749412536621,0.6406923532485962,0.25151723623275757,0.1961086094379425,0.9557207822799683
road666_png.rf.7d914d9d62e7d0fcc23d5bce18bb5d3c.jpg,10,0.5555006265640259,0.6946820020675659,0.3580859303474426,0.2818916141986847,0.9258251190185547
road673_png.rf.4180f0a6afa7416d52c729d8b9305d75.jpg,14,0.33244433999061584,0.4486212432384491,0.061655763536691666,0.04739042744040489,0.8197922110557556
road691_png.rf.3ca3931933e5623e51596577124c3447.jpg,3,0.49634259939193726,0.5439099669456482,0.164101243019104,0.11998191475868225,0.974045991897583
road691_png.rf.3ca3931933e5623e51596577124c3447.jpg,5,0.4998931288719177,0.3541075885295868,0.16067123413085938,0.12329661101102829,0.9560375213623047
road692_png.rf.428a4cfb2f374f0acb60ffc5c57e0750.jpg,3,0.4398806095123291,0.6061800718307495,0.22802060842514038,0.17711463570594788,0.9836424589157104
road692_png.rf.428a4cfb2f374f0acb60ffc5c57e0750.jpg,5,0.44478315114974976,0.33356279134750366,0.2261170744895935,0.17074984312057495,0.9005042910575867
road701_png.rf.cdb390be5b29eb46e8125d30c802cde0.jpg,3,0.8936895728111267,0.6724963784217834,0.21262095868587494,0.18246035277843475,0.9832825660705566
road701_png.rf.cdb390be5b29eb46e8125d30c802cde0.jpg,5,0.8909448981285095,0.378674179315567,0.2145955115556717,0.17982858419418335,0.91597980260849
road708_png.rf.d9bf7da6e0e73af3295909a18a2cabee.jpg,3,0.5250478386878967,0.7322548627853394,0.2321903556585312,0.1822986602783203,0.9806066155433655
road708_png.rf.d9bf7da6e0e73af3295909a18a2cabee.jpg,5,0.5210925936698914,0.4426015019416809,0.23918622732162476,0.17996466159820557,0.9358488917350769
road709_png.rf.4247ab0b03caf6c144ac9d5203850b81.jpg,5,0.4874465763568878,0.5013784170150757,0.07398297637701035,0.05905092880129814,0.9539887309074402
road709_png.rf.4247ab0b03caf6c144ac9d5203850b81.jpg,3,0.4856496751308441,0.5938911437988281,0.07669030874967575,0.056354597210884094,0.9437440633773804
road716_png.rf.b9085b6c292ddd763a6e1481465dd3cd.jpg,3,0.5339873433113098,0.5481544733047485,0.06009909138083458,0.040546052157878876,0.6188650727272034
road716_png.rf.b9085b6c292ddd763a6e1481465dd3cd.jpg,3,0.6201364994049072,0.552887499332428,0.06423070281744003,0.051011309027671814,0.5199664831161499
road720_png.rf.bdc71460f5121259128f84a720780e9e.jpg,8,0.3783668577671051,0.5197839140892029,0.08865664899349213,0.07233333587646484,0.781209409236908
road743_png.rf.09b77e4a47a21b7c3482c28b37c86ecb.jpg,3,0.25779831409454346,0.48230642080307007,0.09433196485042572,0.06985297799110413,0.9927712082862854
road743_png.rf.09b77e4a47a21b7c3482c28b37c86ecb.jpg,5,0.2694743275642395,0.3772333860397339,0.09526777267456055,0.06955645978450775,0.9764335751533508
road747_png.rf.66031af78137deac5c6878292d9ce7db.jpg,3,0.8773521780967712,0.6281776428222656,0.2326619178056717,0.18344835937023163,0.9476624131202698
road747_png.rf.66031af78137deac5c6878292d9ce7db.jpg,5,0.8932230472564697,0.34161892533302307,0.21109111607074738,0.18239198625087738,0.896411657333374
road760_png.rf.cb25cb1c5c71e6bbf07a9dc3b11915d2.jpg,3,0.48936548829078674,0.35618293285369873,0.20691938698291779,0.15374724566936493,0.9305346608161926
road773_png.rf.b467561d9bc1abfaa69c770187f44c38.jpg,12,0.6455621719360352,0.4953248202800751,0.062200695276260376,0.04839999973773956,0.2596576511859894
road774_png.rf.01952886ddecdd8280c5df688e7f3f0e.jpg,12,0.6582147479057312,0.43619757890701294,0.06393755972385406,0.05515274778008461,0.31662076711654663
road794_png.rf.3569e6160a38765029861dd0a34ebfdd.jpg,13,0.4414524435997009,0.6101154685020447,0.20344111323356628,0.16118541359901428,0.7948400378227234
road794_png.rf.3569e6160a38765029861dd0a34ebfdd.jpg,7,0.4425727128982544,0.6089969277381897,0.20555783808231354,0.15644338726997375,0.5633982419967651
road803_png.rf.ec1de6db189d7a63e98b91529236a7d1.jpg,3,0.5307251811027527,0.5875687599182129,0.09484115242958069,0.07596353441476822,0.8816789984703064
road804_png.rf.c07a9b7b679e771fad740f296ee3a8f7.jpg,3,0.6543864011764526,0.4921426475048065,0.12338143587112427,0.0951833724975586,0.8903959393501282
road811_png.rf.e8ae9aefbf35658164ee88a52ed39bd8.jpg,13,0.45525527000427246,0.5140224695205688,0.17409178614616394,0.1326461285352707,0.9000121355056763
road822_png.rf.b3ba7f5457042a083bad8aac3fe5f819.jpg,14,0.45551609992980957,0.2712501585483551,0.19903257489204407,0.15887829661369324,0.9908599853515625
road822_png.rf.b3ba7f5457042a083bad8aac3fe5f819.jpg,1,0.47769713401794434,0.5587496757507324,0.1195686087012291,0.27448347210884094,0.9788560271263123
road822_png.rf.b3ba7f5457042a083bad8aac3fe5f819.jpg,0,0.48205193877220154,0.5543892979621887,0.12323673069477081,0.275223970413208,0.40555310249328613
road836_png.rf.05522d5697471753f15583e9c74d9908.jpg,12,0.5866830945014954,0.38841623067855835,0.19705303013324738,0.15788166224956512,0.9287163615226746
road841_png.rf.7ddce1ff42545b101a28f63e6a1e5af7.jpg,12,0.4283581078052521,0.4060831367969513,0.13299311697483063,0.10235478729009628,0.6631363034248352
road842_png.rf.eaef28c5ea8a82fe3cfba78634bebf18.jpg,12,0.33628568053245544,0.4461505115032196,0.16160467267036438,0.12654833495616913,0.9102779030799866
road84_png.rf.3c4a24183c70e3af08fc01ae65761c88.jpg,14,0.49592071771621704,0.29709136486053467,0.2504045069217682,0.17540782690048218,0.9708923697471619
road850_png.rf.74fa86d3aaa9d85f0c87bf9bb5ce433e.jpg,12,0.29526132345199585,0.3327043950557709,0.06269542872905731,0.04760793596506119,0.6842772364616394
road851_png.rf.30b2392d540fed2bdafd783c8defefb9.jpg,12,0.4144747257232666,0.3224484622478485,0.07394233345985413,0.05891827493906021,0.5401197671890259
road851_png.rf.30b2392d540fed2bdafd783c8defefb9.jpg,13,0.41409045457839966,0.32245293259620667,0.07227149605751038,0.06028476357460022,0.2552548050880432
road856_png.rf.c56e130a9afef0aa81d3359ce467f4b1.jpg,12,0.5066624879837036,0.23195692896842957,0.14536872506141663,0.11324549466371536,0.6888818740844727
road859_png.rf.f0e4bbd39d237c79817d4ade35676364.jpg,13,0.4704267978668213,0.4061776101589203,0.08362623304128647,0.06433692574501038,0.339529424905777
road859_png.rf.f0e4bbd39d237c79817d4ade35676364.jpg,12,0.47018882632255554,0.40669047832489014,0.08218398690223694,0.0626942589879036,0.33059972524642944
road85_png.rf.86fab2367257fba23a95cad102a7dd82.jpg,14,0.5229101181030273,0.5435752868652344,0.4832983911037445,0.36373990774154663,0.9602439999580383
road865_png.rf.d20a4a3f4030905929c2739f03eba9b8.jpg,12,0.5796763300895691,0.256947785615921,0.11138425022363663,0.08644192665815353,0.5082563757896423
road86_png.rf.618acea5b57f584ad3cf0c2ddd8be8b3.jpg,14,0.5025482177734375,0.5064797401428223,0.27606964111328125,0.4070982038974762,0.9445816874504089
road872_png.rf.d95002240567bc0114365d0ba181071f.jpg,8,0.33417078852653503,0.5493882298469543,0.10860005021095276,0.08540080487728119,0.8921868205070496
road876_png.rf.723330bcac2a5e357c0a325590dbff3c.jpg,8,0.48030832409858704,0.365013986825943,0.2257511466741562,0.16763877868652344,0.9555455446243286
road876_png.rf.723330bcac2a5e357c0a325590dbff3c.jpg,14,0.300835520029068,0.7648114562034607,0.04829476773738861,0.04861714318394661,0.47545355558395386
road94_png.rf.77920ec51ee4fe99a6fb6f8d99f67954.jpg,14,0.5112752318382263,0.5109876394271851,0.5354902148246765,0.5809194445610046,0.9709877371788025
